Actual Chromium beforeunload rights-only/unchanged/saved/canceled/annotation states, rights-note cancel/no-op, JSON CR/LF/Unicode, repeated and delayed edits, concurrent stale conflict, annotation separation, fixed saved sets/issues, review preservation, lineage freshness with held stale response/releaseBusy completion/new preview token, explicit reselection, ZIP/history and desktop/narrow passed.
[112726:112755:1007/052512.485355:ERROR:dbus/bus.cc:405] Failed to connect to the bus: Failed to connect to socket /run/dbus/system_bus_socket: No such file or directory
[112726:112755:1007/052512.490684:ERROR:dbus/bus.cc:405] Failed to connect to the bus: Could not parse server address: Unknown address type (examples of valid types are "tcp" and on UNIX "unix")
[112726:112755:1007/052512.491154:ERROR:dbus/bus.cc:405] Failed to connect to the bus: Failed to connect to socket /run/dbus/system_bus_socket: No such file or directory
[112726:112755:1007/052512.491175:ERROR:dbus/bus.cc:405] Failed to connect to the bus: Failed to connect to socket /run/dbus/system_bus_socket: No such file or directory
[112726:112755:1007/052512.491180:ERROR:dbus/bus.cc:405] Failed to connect to the bus: Could not parse server address: Unknown address type (examples of valid types are "tcp" and on UNIX "unix")
[112726:112766:1007/052512.496001:ERROR:content/browser/zygote_host/zygote_host_impl_linux.cc:279] Failed to adjust OOM score of renderer with pid 112768: Read-only file system (30)
[112726:112755:1007/052512.812352:ERROR:dbus/bus.cc:405] Failed to connect to the bus: Could not parse server address: Unknown address type (examples of valid types are "tcp" and on UNIX "unix")
[112726:112755:1007/052512.840152:ERROR:dbus/bus.cc:405] Failed to connect to the bus: Could not parse server address: Unknown address type (examples of valid types are "tcp" and on UNIX "unix")
[112726:112766:1007/052512.841115:ERROR:content/browser/zygote_host/zygote_host_impl_linux.cc:279] Failed to adjust OOM score of renderer with pid 112784: Read-only file system (30)
[112726:112726:1007/052512.861123:ERROR:dbus/object_proxy.cc:572] Failed to call method: org.freedesktop.DBus.NameHasOwner: object_path= /org/freedesktop/DBus: unknown error type: 
[112726:112726:1007/052512.861340:ERROR:dbus/object_proxy.cc:572] Failed to call method: org.freedesktop.DBus.NameHasOwner: object_path= /org/freedesktop/DBus: unknown error type: 
[112726:112755:1007/052512.861342:ERROR:dbus/bus.cc:405] Failed to connect to the bus: Could not parse server address: Unknown address type (examples of valid types are "tcp" and on UNIX "unix")
[112726:112755:1007/052512.861379:ERROR:dbus/bus.cc:405] Failed to connect to the bus: Could not parse server address: Unknown address type (examples of valid types are "tcp" and on UNIX "unix")

DevTools listening on ws://127.0.0.1:37619/devtools/browser/26863715-f6f6-43cd-85cd-0bcf9829eb88
[112726:112726:1007/052512.866052:ERROR:dbus/object_proxy.cc:572] Failed to call method: org.freedesktop.DBus.NameHasOwner: object_path= /org/freedesktop/DBus: unknown error type: 
[112726:112726:1007/052512.868632:ERROR:dbus/object_proxy.cc:572] Failed to call method: org.freedesktop.DBus.NameHasOwner: object_path= /org/freedesktop/DBus: unknown error type: 
[112726:112726:1007/052512.870348:ERROR:dbus/object_proxy.cc:572] Failed to call method: org.freedesktop.DBus.NameHasOwner: object_path= /org/freedesktop/DBus: unknown error type: 
[112726:112755:1007/052512.870360:ERROR:dbus/bus.cc:405] Failed to connect to the bus: Failed to connect to socket /run/dbus/system_bus_socket: No such file or directory
[112726:112755:1007/052512.870376:ERROR:dbus/bus.cc:405] Failed to connect to the bus: Failed to connect to socket /run/dbus/system_bus_socket: No such file or directory
[112726:112726:1007/052512.870487:ERROR:dbus/object_proxy.cc:572] Failed to call method: org.freedesktop.DBus.NameHasOwner: object_path= /org/freedesktop/DBus: unknown error type: 
[112726:112755:1007/052512.870619:ERROR:dbus/bus.cc:405] Failed to connect to the bus: Could not parse server address: Unknown address type (examples of valid types are "tcp" and on UNIX "unix")
[112726:112766:1007/052512.899784:ERROR:content/browser/zygote_host/zygote_host_impl_linux.cc:279] Failed to adjust OOM score of renderer with pid 112814: Read-only file system (30)
[112726:112766:1007/052512.927424:ERROR:content/browser/zygote_host/zygote_host_impl_linux.cc:279] Failed to adjust OOM score of renderer with pid 112823: Read-only file system (30)
[112726:112766:1007/052512.940780:ERROR:content/browser/zygote_host/zygote_host_impl_linux.cc:279] Failed to adjust OOM score of renderer with pid 112830: Read-only file system (30)
[112726:112726:1007/052512.956441:ERROR:dbus/object_proxy.cc:572] Failed to call method: org.freedesktop.DBus.Properties.GetAll: object_path= /org/freedesktop/UPower/devices/DisplayDevice: unknown error type: 
[112726:112726:1007/052512.957030:ERROR:dbus/object_proxy.cc:572] Failed to call method: org.freedesktop.DBus.NameHasOwner: object_path= /org/freedesktop/DBus: unknown error type: 
[112726:112755:1007/052512.959666:ERROR:dbus/bus.cc:405] Failed to connect to the bus: Could not parse server address: Unknown address type (examples of valid types are "tcp" and on UNIX "unix")
[112726:112726:1007/052512.970583:ERROR:dbus/object_proxy.cc:572] Failed to call method: org.freedesktop.DBus.NameHasOwner: object_path= /org/freedesktop/DBus: unknown error type: 
[112726:112755:1007/052512.970673:ERROR:dbus/bus.cc:405] Failed to connect to the bus: Could not parse server address: Unknown address type (examples of valid types are "tcp" and on UNIX "unix")
[112726:112726:1007/052512.984985:ERROR:dbus/object_proxy.cc:572] Failed to call method: org.freedesktop.DBus.NameHasOwner: object_path= /org/freedesktop/DBus: unknown error type: 
node:assert:152
  throw new AssertionError(obj);
  ^

AssertionError [ERR_ASSERTION]: Browser run 1 modified tracked evidence
+ actual - expected
... Skipped lines

  {
    'docs/plans/annotated-caption-import/reports/browser-refresh-synchronization.md': '98ec6fdf8295d642b2755058d440e8c11fb4d0bc4c8f8eb9a31817f7605d04d8',
    'docs/plans/annotated-caption-import/reports/duplicate-pixel-review.md': 'dcec62920e49d639d3202c1a4c6cfb989fb1b4db060535b39536971e139ac02f',
    'docs/plans/annotated-caption-import/reports/fixtures/native-caption-release/README.txt': 'b97560878d310a6e8b484c6039b1899635b5cf73c161a6179d6c831842b8b92b',
    'docs/plans/annotated-caption-import/reports/fixtures/native-caption-release/manifest.json': 'e902b6543b45ac9fb4a24b477b6c975c93746a629e1b0e35989638f038d21e69',
...
    'docs/plans/rights-note-correction/reports/evidence.json': '53cc8e827831e8b0574767acfecb7e2c70f54583ab47427181eeb149009cd1ef',
+   'docs/plans/rights-note-correction/reports/rights-desktop.png': '820b6f0fa1352615a82e1a3e141a225f02adad37ac26b419f48bd5da5d04ae20',
+   'docs/plans/rights-note-correction/reports/rights-narrow.png': '637fb091467c3a6083219918683640c18a1340d53f1e27feecc6e34ca1683382',
-   'docs/plans/rights-note-correction/reports/rights-desktop.png': '05b42beef3020d95d510ef62b9f50df4151cc56525bfa66dc9701abab027f503',
-   'docs/plans/rights-note-correction/reports/rights-narrow.png': 'd446356de33a05a6ded5dc5543c8bdfc078e3a0a36f21e4c481a3f5505739dd4',
    'docs/plans/rights-note-correction/reports/stale-export-test-synchronization.md': 'f191b643578c6d480e106d3d1cae7439661084530642dcfcb2f608ba6a353cd6',
    'docs/plans/rights-note-correction/reports/verification.md': '48dfbc4a7462b3e30e4f5d21f1978fff48adf4cd37adc46f540d3e1ce86559ed',
    'docs/plans/saved-dataset-selections/reports/saved-desktop.png': '87e8288e24cae06e42788d8503d92e6d3afdecfc137335cf7a4306740f87c9e6',
    'docs/plans/saved-dataset-selections/reports/saved-narrow.png': 'c933b998083c19b52fdc8e180c795f891ba202093de283cd8259c50b6c2e74e7',
    'docs/plans/saved-dataset-selections/reports/verification.md': '158139c50cabab088f356896a089391fdad1432349db3a4c95cced496fec9927',

    at Object.<anonymous> (/workspace/Tuldok-rights-evidence-local/tests/test_rights_note_artifacts.cjs:20:10)
    at Module._compile (node:internal/modules/cjs/loader:1872:14)
    at Object..js (node:internal/modules/cjs/loader:2003:10)
    at Module.load (node:internal/modules/cjs/loader:1594:32)
    at Module._load (node:internal/modules/cjs/loader:1396:12)
    at wrapModuleLoad (node:internal/modules/cjs/loader:255:19)
    at Module.executeUserEntryPoint [as runMain] (node:internal/modules/run_main:154:5)
    at node:internal/main/run_main_module:33:47 {
  generatedMessage: false,
  code: 'ERR_ASSERTION',
  actual: {
    'docs/plans/annotated-caption-import/reports/browser-refresh-synchronization.md': '98ec6fdf8295d642b2755058d440e8c11fb4d0bc4c8f8eb9a31817f7605d04d8',
    'docs/plans/annotated-caption-import/reports/duplicate-pixel-review.md': 'dcec62920e49d639d3202c1a4c6cfb989fb1b4db060535b39536971e139ac02f',
    'docs/plans/annotated-caption-import/reports/fixtures/native-caption-release/README.txt': 'b97560878d310a6e8b484c6039b1899635b5cf73c161a6179d6c831842b8b92b',
    'docs/plans/annotated-caption-import/reports/fixtures/native-caption-release/manifest.json': 'e902b6543b45ac9fb4a24b477b6c975c93746a629e1b0e35989638f038d21e69',
    'docs/plans/annotated-caption-import/reports/fixtures/native-caption-release/test/a40feb1904df49d2b764f2ab81f7200a.png': '9bf55c62f708aa788190c5b3a2884cda8cb6b7d79a3a96aaef16cf1d43f087f6',
    'docs/plans/annotated-caption-import/reports/fixtures/native-caption-release/test/metadata.jsonl': '705c217f119cb0cc2aa13f6a007fc550e1b4bdb68a47d8b5e42de514e6c6d407',
    'docs/plans/annotated-caption-import/reports/fixtures/native-caption-release/train/462f94bd7b9647c2b117d38d88411337.png': 'a51380fc72c7466971aa16130c183bb8e88b4faa96da4d43118c3212e7b3cd9c',
    'docs/plans/annotated-caption-import/reports/fixtures/native-caption-release/train/5ea1b8890660416bb49764e3da1fea0c.png': '5436de6d3b1e1f5fd1740b30ba19825b88bb99314b823a2bda220df77a33473e',
    'docs/plans/annotated-caption-import/reports/fixtures/native-caption-release/train/metadata.jsonl': '26c4b8403f9389a67a9983126b906683d79e587499e9f69cffe17792d69ac224',
    'docs/plans/annotated-caption-import/reports/fixtures/native-caption-release/val/ef96ad86e2de487fb4e035c7d4557e30.png': '9541e6514d2f1a429ac95af125254c46a619283a94695e3b02757b0235da3807',
    'docs/plans/annotated-caption-import/reports/fixtures/native-caption-release/val/metadata.jsonl': 'ed65422fec554cebd4e98a96baf8a427e1e13510e81fb0275167f5edf8a82d9e',
    'docs/plans/annotated-caption-import/reports/fixtures/rehearsal-results.json': 'e02e58a2a272841de2de46dbb2c16f6670c8e298f1f386d59e9bac862334f80d',
    'docs/plans/annotated-caption-import/reports/prepare_fixtures.py': '0a4d94f683664a0c74b49e04d7f7d22fcc4db323d22bfbb084126857cfd14958',
    'docs/plans/annotated-caption-import/reports/verification.md': '27939ce6e69ebd9b720889c3869c7955bc4b465862c0f14cb1f7b0795dc7ac67',
    'docs/plans/bulk-real-import/reports/admission-boundary.md': '0e7a45286077b49841b82daa1f457e76186bc1c9b3f7b2ca9ac00bbc035dab65',
    'docs/plans/bulk-real-import/reports/discovery.md': 'cc9768af79036c67962bc427782a4f19ada96f7631e9babdb8365e15362b3858',
    'docs/plans/bulk-real-import/reports/verification.md': '780546e6fcab2b1a13a1ca74b279626484ae6bb241d11d00660b0bc6d39b5c05',
    'docs/plans/combined-workbench-local/reports/artifact-manifest.json': 'abe8c8e9692036c5c7fd29282d5825f219d51ca7c4c198b9cbd544254e755f6c',
    'docs/plans/combined-workbench-local/reports/combined-01-curation-draft-desktop.png': '51a132f4dc6d3087bafda3cf26f60df11738c5bbda94196f2627223282a9cd7e',
    'docs/plans/combined-workbench-local/reports/combined-01-curation-draft-narrow.png': '1ac12fa6b7d193478d890c8ab69a3a2e3d38d500774a367f0762ade57efc41fe',
    'docs/plans/combined-workbench-local/reports/combined-02-native-draft-desktop.png': '1af26632386de5bacb78b588520aef0555eb910268c3c7d13b18c9730f422234',
    'docs/plans/combined-workbench-local/reports/combined-02-native-draft-narrow.png': '4e5e1070638fbfd4022048217f7ec4997e90cec6b1af736b4454ab75e88ed004',
    'docs/plans/combined-workbench-local/reports/combined-03-frozen-selection-desktop.png': 'a71d63cf5483f00cf22143f963cdb3cc594c6489dd6ec5fa8d4a8352b46eba54',
    'docs/plans/combined-workbench-local/reports/combined-03-frozen-selection-narrow.png': '93fd486f71211bf563d1d2785ecc5815ed15629f389545650a99eacd42a267e6',
    'docs/plans/combined-workbench-local/reports/combined-canonical-downloaded.zip': 'ccc0d24e490add2a83ee40c72afbc159c766f319e46324258644b3b942436304',
    'docs/plans/combined-workbench-local/reports/combined-instruction-downloaded.zip': 'ca6a294b79c6871ffd856c5bc77194c9c9451c882f1f0575b84d2117ed796754',
    'docs/plans/combined-workbench-local/reports/combined-session.json': '7eb9a58caaa55bc839ee51d0840ac0cd4086ff4fcbf707135ac881bed438c911',
    'docs/plans/combined-workbench-local/reports/composition-audit.json': '8687f394800e45fba91935494848d8c80478319d4c9ba4f7842475f3cc0185dc',
    'docs/plans/combined-workbench-local/reports/full-suite-artifacts.json': '3976da6ac8014a4d63a9588b76ced7d0806a8bdc188e5b06b0cd8a4c678123fc',
    'docs/plans/combined-workbench-local/reports/full-suite/docs/plans/annotated-caption-import/reports/caption-import-desktop.png': 'ccab4c2bdc92991497afc437782e748a24402fcc9df8548d0cc2a313f68a51d2',
    'docs/plans/combined-workbench-local/reports/full-suite/docs/plans/annotated-caption-import/reports/caption-import-narrow.png': '1710e1b28152c3dc2a7bbe1c9d819f3ff2ce5107e467253d02aeee2e4da62e16',
    'docs/plans/combined-workbench-local/reports/full-suite/docs/plans/bulk-real-import/reports/bulk-desktop.png': '131839261b9e363d1d7db3054b3a029b6cea0fdf4f8dcb99b1faa621966bfdff',
    'docs/plans/combined-workbench-local/reports/full-suite/docs/plans/bulk-real-import/reports/bulk-narrow.png': '84f7f5f004bc3c14dc0abb0622adbf53e35602704a116d53b65c14bee13f3cfc',
    'docs/plans/combined-workbench-local/reports/full-suite/docs/plans/curation-diagnostics/reports/curation-desktop.png': '9f97b71e191c64cae5e51d465d28c69ccc6a9526b0701f6d75579dc01ad809b5',
    'docs/plans/combined-workbench-local/reports/full-suite/docs/plans/curation-diagnostics/reports/curation-members-desktop.png': '9fe3f3ccc4e8cc6ed410ddcad18792e4651e435fcf78f919bf6aa4446cba473f',
    'docs/plans/combined-workbench-local/reports/full-suite/docs/plans/curation-diagnostics/reports/curation-members-narrow.png': 'a280e1e572fe7d324612db5ff7dd2c2185969b134226285985ba73f0b89db0d0',
    'docs/plans/combined-workbench-local/reports/full-suite/docs/plans/curation-diagnostics/reports/curation-narrow.png': 'cf51a3f5d9bb04b7a2c462dde2f22cdf816c8e71f18d88c572df3ca235fa9fa9',
    'docs/plans/combined-workbench-local/reports/full-suite/docs/plans/dataset-caption-integration/reports/caption-combined-01-folder-import-desktop.png': '0022aeeda6fd51e6a3b5fa9da164a3926bfaa658a7aabfc5fddbb1e07d7dcbf6',
    'docs/plans/combined-workbench-local/reports/full-suite/docs/plans/dataset-caption-integration/reports/caption-combined-01-folder-import-narrow.png': '8218ebd785e43f93fcbe4a6c64f479a953e51811718c3bfcb314916844e489dd',
    'docs/plans/combined-workbench-local/reports/full-suite/docs/plans/dataset-caption-integration/reports/caption-combined-02-draft-blocked-desktop.png': '932178c5cf28f78e52b6478a187c3a141bc8610a303792a180638902bd775c22',
    'docs/plans/combined-workbench-local/reports/full-suite/docs/plans/dataset-caption-integration/reports/caption-combined-02-draft-blocked-narrow.png': 'e8dea95f697ce5515ffa90b16447ab38dffa327a20d6e2644b1d105e9d7defa0',
    'docs/plans/combined-workbench-local/reports/full-suite/docs/plans/dataset-caption-integration/reports/caption-combined-03-caption-reviewed-desktop.png': 'deebecec6241c7aae7f50b0d5b65d25c74bd7d27099cb7f21bbce4b14c53e4b2',
    'docs/plans/combined-workbench-local/reports/full-suite/docs/plans/dataset-caption-integration/reports/caption-combined-03-caption-reviewed-narrow.png': '9b63830506a0e8cd44b5b01a8163c77067f0d7e727a0412e18f26211461e9fb7',
    'docs/plans/combined-workbench-local/reports/full-suite/docs/plans/dataset-caption-integration/reports/caption-combined-04-exact-filter-desktop.png': '1f84185112d09d338806888634790b88473fb3d95a9201491a87b68e4b6666e5',
    'docs/plans/combined-workbench-local/reports/full-suite/docs/plans/dataset-caption-integration/reports/caption-combined-04-exact-filter-narrow.png': 'e47ed076a4a4e5ca76a779e90d703d8b55bb9f1a9b1b4b66f7dd37648d4fb63d',
    'docs/plans/combined-workbench-local/reports/full-suite/docs/plans/dataset-caption-integration/reports/caption-combined-05-fixed-set-desktop.png': 'f0c1e3b23dacdf0b57c88527e36c85e114e898a883dbc5a7402270bef5381d62',
    'docs/plans/combined-workbench-local/reports/full-suite/docs/plans/dataset-caption-integration/reports/caption-combined-05-fixed-set-narrow.png': 'ffb1b6d48b9cc2c21a9bef655ca2dee250e97869ede7453eab9d7a82e7cb98b0',
    'docs/plans/combined-workbench-local/reports/full-suite/docs/plans/dataset-caption-integration/reports/caption-combined-06-release-preview-desktop.png': 'dd5d8b49a8b4675738b517cd6a8f92e23686fc6bcea7d1e07821992fbff7fea1',
    'docs/plans/combined-workbench-local/reports/full-suite/docs/plans/dataset-caption-integration/reports/caption-combined-06-release-preview-narrow.png': 'b1d74432d63e73c8440901eb2278fc01ddb0db9cde741a1a54040f4ce1c472ca',
    'docs/plans/combined-workbench-local/reports/full-suite/docs/plans/dataset-caption-integration/reports/caption-combined-07-download-desktop.png': 'f14e4c78ddeae9d40591a1c388ede9210ec71bacf820ed2849c4762bf753a3c3',
    'docs/plans/combined-workbench-local/reports/full-suite/docs/plans/dataset-caption-integration/reports/caption-combined-07-download-narrow.png': 'a1cdcf8c3be7c4e99c17f16e475c2eb211341f6204a162b3406a493926b3bede',
    'docs/plans/combined-workbench-local/reports/full-suite/docs/plans/dataset-caption-integration/reports/caption-combined-session.json': 'b11616ac5f93f81824fc43a836fbfaf025511c06b617b3a706c8881ed0c83fe1',
    'docs/plans/combined-workbench-local/reports/full-suite/docs/plans/dataset-integration/reports/integration-desktop.png': '45c3cba04247e4d16b84d88f415dea68749deeceb70aca5e9c1b38430609fd86',
    'docs/plans/combined-workbench-local/reports/full-suite/docs/plans/dataset-integration/reports/integration-narrow.png': 'd792e0ea9c9d0c7865cdc952d5e3b72f1363ba2e09bd3082b894fc7fe195b553',
    'docs/plans/combined-workbench-local/reports/full-suite/docs/plans/dataset-workflows/reports/workbench-desktop.png': '3f6a8409b1312be37c2e70134638d2231c0be0c0f147d58efffbbf22f075c4a8',
    'docs/plans/combined-workbench-local/reports/full-suite/docs/plans/dataset-workflows/reports/workbench-grounded.png': 'ad6af8c0104c9830572a3b817753c54057f23f4ec284a62ec44e20869c0cb623',
    'docs/plans/combined-workbench-local/reports/full-suite/docs/plans/dataset-workflows/reports/workbench-narrow.png': '20ba012e9602a2dbce74a3ce5e071e665f0907013b89dd7f2e93404d1d6c6635',
    'docs/plans/combined-workbench-local/reports/full-suite/docs/plans/explicit-metadata-filters/reports/filters-desktop.png': 'f0d857548cc5d66ae2ede09be2d7da174f85bc6888233acabf653334ddc582a0',
    'docs/plans/combined-workbench-local/reports/full-suite/docs/plans/explicit-metadata-filters/reports/filters-narrow.png': '10ddda1e2c057e869d5d4382ffd2c628632a50da5e4e9d7ff7fd5f9e4f8584e4',
    'docs/plans/combined-workbench-local/reports/full-suite/docs/plans/image-caption-exports/reports/captions-desktop.png': '2871576635a5535ec1e13739838caf669097837e2cc382afd603738c4be4c7cb',
    'docs/plans/combined-workbench-local/reports/full-suite/docs/plans/image-caption-exports/reports/captions-narrow.png': '2138cbaad8cc0be17f4acb23e93dde47f5f314d65b6395313fe97c9828060469',
    'docs/plans/combined-workbench-local/reports/full-suite/docs/plans/instruction-responses/reports/instruction-01-independent-answers-desktop.png': 'c16e0cce3917d7a33e21faee1f4c05f0c840c8acfc415c3b7cdba1618cf9b3da',
    'docs/plans/combined-workbench-local/reports/full-suite/docs/plans/instruction-responses/reports/instruction-01-independent-answers-narrow.png': '7dc64ac58a461a8d6b0db3a38fbc54c0e649cd3c5ebae8ddcc54f090536ff262',
    'docs/plans/combined-workbench-local/reports/full-suite/docs/plans/instruction-responses/reports/instruction-02-stale-fixed-selection-desktop.png': 'c4045a29664f9d00e10538bb0446ab05a6437e9c3ecaa6f92b6a16dddf38065d',
    'docs/plans/combined-workbench-local/reports/full-suite/docs/plans/instruction-responses/reports/instruction-02-stale-fixed-selection-narrow.png': '2665cd3222f2bc1edb37af201a5b5859f79d0e5d1d290899e7835bb420143cb0',
    'docs/plans/combined-workbench-local/reports/full-suite/docs/plans/instruction-responses/reports/instruction-03-weighted-preview-desktop.png': '9e54995095876811950757270c92b544c44ae512bdc000c1c8e4875a3f99f7ea',
    'docs/plans/combined-workbench-local/reports/full-suite/docs/plans/instruction-responses/reports/instruction-03-weighted-preview-narrow.png': 'abb9e44c228f2e7cb6c9c7f5ea945b2dd70222f216ef3cc71d26affcaea6c008',
    'docs/plans/combined-workbench-local/reports/full-suite/docs/plans/instruction-responses/reports/instruction-04-download-desktop.png': 'd7506e58418945c609a3ebf4be3d0d8285249d7e554dd95f53598e17be1cd4e0',
    'docs/plans/combined-workbench-local/reports/full-suite/docs/plans/instruction-responses/reports/instruction-04-download-narrow.png': '9f880c4eed0ded124dc3ca4ebb42887436a1a18de30f7cf630998b19af1d4615',
    'docs/plans/combined-workbench-local/reports/full-suite/docs/plans/instruction-responses/reports/instruction-downloaded.zip': 'a267627a306d22faadd8dfc79229b276b978114e892a89624e25c7d7ed0b87f3',
    'docs/plans/combined-workbench-local/reports/full-suite/docs/plans/instruction-responses/reports/instruction-session.json': '7c7f1c359a96d4f39ca51b36001da46d70711eea1c640285553cf5b07030ed15',
    'docs/plans/combined-workbench-local/reports/full-suite/docs/plans/native-text-classification-import/reports/native-text-desktop.png': '2a8ca9344960767e4a8d368dad6b3af369930f2a271c1312a1de83ead6177f3f',
    'docs/plans/combined-workbench-local/reports/full-suite/docs/plans/native-text-classification-import/reports/native-text-narrow.png': '7768d2cdc2a8513d21b9313dc7802217e3beb10faa0dc13d0538214314147831',
    'docs/plans/combined-workbench-local/reports/full-suite/docs/plans/rights-note-correction/reports/rights-desktop.png': '820b6f0fa1352615a82e1a3e141a225f02adad37ac26b419f48bd5da5d04ae20',
    'docs/plans/combined-workbench-local/reports/full-suite/docs/plans/rights-note-correction/reports/rights-narrow.png': '637fb091467c3a6083219918683640c18a1340d53f1e27feecc6e34ca1683382',
    'docs/plans/combined-workbench-local/reports/full-suite/docs/plans/saved-dataset-selections/reports/saved-desktop.png': 'f579ab243b793252583839257db0d18cfdaa61f1f7fe94dd37fc4f6c69f9addc',
    'docs/plans/combined-workbench-local/reports/full-suite/docs/plans/saved-dataset-selections/reports/saved-narrow.png': '722d4b6add5946f15a789cab54be58c40b4954ccdbd6eecde675cb27b9733ef5',
    'docs/plans/combined-workbench-local/reports/full-suite/docs/plans/saved-selection-intent/reports/intent-blocked.png': '00fa687099c875bb271ce9165a9afb4481c2961971503903c61f75acb152d30a',
    'docs/plans/combined-workbench-local/reports/full-suite/docs/plans/selected-release-preview/reports/preview-desktop.png': 'aed2e6e7dfc207ef1f9885524941d94d1797b84fd052ad14d7434f6f43321402',
    'docs/plans/combined-workbench-local/reports/full-suite/docs/plans/selected-release-preview/reports/preview-narrow.png': 'b73bb3024655d276c64e2c92968998b4b8dde7f1fc99cbd92a9b634b4f6a04d8',
    'docs/plans/combined-workbench-local/reports/gates/01.log': '98c630447dd9e7434c4d0141dd39da9b3b08048727dfa7b84931813dcf280867',
    'docs/plans/combined-workbench-local/reports/gates/02.log': 'e3b0c44298fc1c149afbf4c8996fb92427ae41e4649b934ca495991b7852b855',
    'docs/plans/combined-workbench-local/reports/gates/03.log': 'e3b0c44298fc1c149afbf4c8996fb92427ae41e4649b934ca495991b7852b855',
    'docs/plans/combined-workbench-local/reports/gates/04.log': 'e3b0c44298fc1c149afbf4c8996fb92427ae41e4649b934ca495991b7852b855',
    'docs/plans/combined-workbench-local/reports/gates/05.log': 'e3b0c44298fc1c149afbf4c8996fb92427ae41e4649b934ca495991b7852b855',
    'docs/plans/combined-workbench-local/reports/gates/06.log': 'e3b0c44298fc1c149afbf4c8996fb92427ae41e4649b934ca495991b7852b855',
    'docs/plans/combined-workbench-local/reports/gates/07.log': 'e3b0c44298fc1c149afbf4c8996fb92427ae41e4649b934ca495991b7852b855',
    'docs/plans/combined-workbench-local/reports/gates/08.log': 'e3b0c44298fc1c149afbf4c8996fb92427ae41e4649b934ca495991b7852b855',
    'docs/plans/combined-workbench-local/reports/gates/09.log': 'e3b0c44298fc1c149afbf4c8996fb92427ae41e4649b934ca495991b7852b855',
    'docs/plans/combined-workbench-local/reports/gates/10.log': 'e4005173e9a16864039a1959b1f544aae2e6b9942ddc442eb05488bbf1819f40',
    'docs/plans/combined-workbench-local/reports/gates/11.log': '261c7df53bd1fee0a3f2ee3763a0495c63ff38894292ffb5edaefc9533d2d420',
    'docs/plans/combined-workbench-local/reports/gates/12.log': '5857758e5789e3015458802d7e17c72a56d1ee5d3d09a2534ba3b9ce4fb07114',
    'docs/plans/combined-workbench-local/reports/gates/13.log': 'fd916ba6abe3f865e1c320fe149cc2f91185a4d57551976f3b2292cc4fbea0e6',
    'docs/plans/combined-workbench-local/reports/gates/14.log': '3dd0a5384055d747a2a8b0fcf331efd7684ce504e84a175debd29446cb38dac7',
    'docs/plans/combined-workbench-local/reports/gates/15.log': '3e0563561164771d1543857525d2510a6c270ebb51103dcf2e4363e01aa0ccbf',
    'docs/plans/combined-workbench-local/reports/gates/16.log': 'd3172e0c94b24ca478ec65772d7272ad58fc05f735a87ab5689c267b9b5ad0b6',
    'docs/plans/combined-workbench-local/reports/gates/17.log': '61b9242683445804ee8187e17ae26b78ca0280c5fd3c1362c9fa9fb7f8914601',
    'docs/plans/combined-workbench-local/reports/gates/18.log': '80f3568861ba8b2dae7e36ef4a886737f3291dbaa52415c74dc5b1dea91764e3',
    'docs/plans/combined-workbench-local/reports/gates/19.log': '51532a9e7ebdaf365eb0f4a7d6bbd8328e52eb607105e2b336fbb74c3450ded9',
    'docs/plans/combined-workbench-local/reports/gates/20.log': '6ead1728855903672b5ad0d8b9ad83b2a4c4cf6ec4a65cee3cac1ef287d1e5a7',
    'docs/plans/combined-workbench-local/reports/gates/21.log': 'e1f32ef81d925766ba22af365bae9955a95509fcc9df85686c112dd8398c4e50',
    'docs/plans/combined-workbench-local/reports/gates/22.log': 'e339a34c6a8b90c86b0cafe74295c8db4d7ff1b51a578220a108f1ff9d092ffa',
    'docs/plans/combined-workbench-local/reports/gates/23.log': 'af01c5077ea49d6d1dbfd3a84e06da7651f76da67adf46499046e2c8bec58ef7',
    'docs/plans/combined-workbench-local/reports/gates/24.log': 'c32c7d66649be9e8ae8d94d1ad24d1c61aed2e622327a7048755e2de755939d6',
    'docs/plans/combined-workbench-local/reports/gates/25.log': 'bea6b7b21296d26ea5b20efec74e95559702fe797feff7edf4b5ce85e3431c63',
    'docs/plans/combined-workbench-local/reports/gates/26.log': 'b0807818173a5da6e567addf017d2a4740178a3f1b96f2d558e44fadcfc87730',
    'docs/plans/combined-workbench-local/reports/gates/27.log': '93327868019bb89ac45b1404a0fe199a8b8dba9cfdc922d9d12d9c492d1c9202',
    'docs/plans/combined-workbench-local/reports/gates/28.log': '324e0a07a9037f1cce0f99a06ba2dd321049def5b54240904c813f3bd6421a5d',
    'docs/plans/combined-workbench-local/reports/gates/29.log': '6ed5c0dc1044e68eabdabcf43b0c71b66e4bb0f5b0812109d9aca1480523a0a7',
    'docs/plans/combined-workbench-local/reports/gates/30.log': 'b627a1dbc79d6e37091f7d9e9e3267523921925f229ce73b903e990823eb7b18',
    'docs/plans/combined-workbench-local/reports/gates/31.log': 'c1102a8ac4d8dc89259cebbe9e7113ce54f899f12e25244f34cea6369a12cf82',
    'docs/plans/combined-workbench-local/reports/gates/32.log': '73626f797b47fdcd20b8d0d35b6d3fbe61ab68b21b8208e5cf63942f3a168cbf',
    'docs/plans/combined-workbench-local/reports/gates/33.log': 'be268e29c3010ec03b0fd02c251d8d59ca48120767cbe16eeee37289224286bb',
    'docs/plans/combined-workbench-local/reports/gates/34.log': '615b5552d1b73240413cbefea02234b116681926a604642da16f6403f73682a6',
    'docs/plans/combined-workbench-local/reports/gates/35.log': 'cccf73dddb0bea3094a9c20bc491689ccdb11eefaa3f5e9ec4047974f27fc0fc',
    'docs/plans/combined-workbench-local/reports/gates/36.log': 'c42db34bcf95d5af0af27ede7a0519478af5900016c5bcf7c2fa8949e2969b41',
    'docs/plans/combined-workbench-local/reports/gates/37.log': '178b51c4f633adc770185eb1cfd7b8a6d58e81d878b71cf902eeabf42400b611',
    'docs/plans/combined-workbench-local/reports/gates/38.log': '50c096e01ea7d45018145123b2f9f32768ca74d3e2cb8f0e2193056986590b95',
    'docs/plans/combined-workbench-local/reports/gates/39.log': '248f535cbc4d353ea0506242965c5b45eca8d7e52e23e8737911a0abea3d388c',
    'docs/plans/combined-workbench-local/reports/gates/results.json': 'ee03ffec0365f75d10380f12f5685d7e41af8131642a6330f280f5db71b3e0ec',
    'docs/plans/combined-workbench-local/reports/gates/source.json': 'a4df86ce90e740df56ea59529c447872d7359b0c3047949d4829b3b059eb7f56',
    'docs/plans/combined-workbench-local/reports/preserved-refs.json': '31ec16ea8a7253cdc18b809dd110eb28adfcb4e3a66f927a88847ebb7d81cf7c',
    'docs/plans/combined-workbench-local/reports/prior-traces/capture-geometry-browser.log': 'd74e49746a8211b6745ca7e54170a10b9f81c327c3de38b2274e95772bb0cd43',
    'docs/plans/combined-workbench-local/reports/prior-traces/capture-layout-browser.log': '0d5f46f0b919810d47f69394a08f6ce8af79dbc7fcfdb499646f019fb5babdf2',
    'docs/plans/combined-workbench-local/reports/prior-traces/focused-browser.log': 'c47ec5ec4e10baa999e8321ff171a4b31670a73b1fc33cbf353a8df6fc65029f',
    'docs/plans/combined-workbench-local/reports/prior-traces/focused-http.log': 'f0b88a804f9ace00c03a63a29573d6e71b3198805a6b3f812b69fe938b3c622d',
    'docs/plans/combined-workbench-local/reports/prior-traces/native-navigation-after-barrier.log': 'ea6c74132175c7afd3efc8ac3a8d60c912cf1b2da0b94f1182e876de43f60629',
    'docs/plans/combined-workbench-local/reports/prior-traces/native-navigation-before-barrier.log': '248cfa34b0ef12962d00201adcb12eec5cb0a9796a9a54831af2d6767336fb52',
    'docs/plans/combined-workbench-local/reports/prior-traces/pre-barrier-browser.log': 'f3ee8aac5405b9ba472e097156549832a86f2f32df9f695344f9a56c60416d54',
    'docs/plans/combined-workbench-local/reports/prior-traces/pre-explicit-reopen-browser.log': 'a61bfb38ed2dd7b13672959e232c87d38cddec9d28299b4163e50811444f2e3b',
    'docs/plans/combined-workbench-local/reports/prior-traces/red-controller.log': 'b6d833ccba1859b36964282238ede92e60734597ab12e3ef64bf756c090af045',
    'docs/plans/combined-workbench-local/reports/verification.md': '6839fec832745b2c61a6d3bb9b91d98a6c47d26a9dcf64c8d0f0494c1a8f07ca',
    'docs/plans/curation-diagnostics/reports/curation-desktop.png': '5b147dfeb5a6b28ef9ae646f05e893eb17253fa5a5e66a3a8bf67ec694d7c348',
    'docs/plans/curation-diagnostics/reports/curation-members-desktop.png': 'c7e05b3b3b31c2c5312fc8cc7084e53c6e4c03feff69eedf16842dc53fdb6a5e',
    'docs/plans/curation-diagnostics/reports/curation-members-narrow.png': 'fbb2935a937430ae865ba8d8901d8c62ff8d3f1b81188df3f0b32d5d30550e56',
    'docs/plans/curation-diagnostics/reports/curation-narrow.png': 'b34ea721d1301fe8e782460453e7e62a7458dda4126699ba18073ea9032eda28',
    'docs/plans/curation-diagnostics/reports/evidence.json': 'b58d84fa1d3778964f22e7d21614e52327eb93eee49920f66155b88abd12f927',
    'docs/plans/curation-diagnostics/reports/review-scaling-repair.md': '72b9c39f601e8dc8c2e5aa4962386d6842677fdbec4e43e5917cb1611972b644',
    'docs/plans/curation-diagnostics/reports/runtime-inventory.json': '1e16609ed8916856aa416968685a7e46338da9addb0e99e848e484cdfa645fed',
    'docs/plans/curation-diagnostics/reports/verification.md': '8028e3371e37696c9b3726d086ad72d9bd5b046990be1872f86387391fafa977',
    'docs/plans/dataset-caption-integration/reports/caption-combined-01-folder-import-desktop.png': '46266e8ae43e28cd5854b041172989d58c001ec19d94e02141f2d520b2785b16',
    'docs/plans/dataset-caption-integration/reports/caption-combined-01-folder-import-narrow.png': '6e36b98c89b4d2b28d6bf0bd6848466e739aece478d339b3c9c30f96ea26c568',
    'docs/plans/dataset-caption-integration/reports/caption-combined-02-draft-blocked-desktop.png': 'b115b795c2d8b1ab40b31ef4f0ba21a3a8b58cc7636604bf201ad6d31cbc8fd3',
    'docs/plans/dataset-caption-integration/reports/caption-combined-02-draft-blocked-narrow.png': '51743a7b60778b13cebab6b63bac9cbe1206c7866fb785dba32ba3678391ff49',
    'docs/plans/dataset-caption-integration/reports/caption-combined-03-caption-reviewed-desktop.png': '2953ec5ab741dadabed84e4061ae58bc9a75413a4954badf54e3118e51e9e8e1',
    'docs/plans/dataset-caption-integration/reports/caption-combined-03-caption-reviewed-narrow.png': '3ae3bfcbe25d29a5d61538b5c804ee11dc04a9fba78ee2c0ed34f7bf8d2054e8',
    'docs/plans/dataset-caption-integration/reports/caption-combined-04-exact-filter-desktop.png': 'be781ddc82be0526e3062c54c1a5c3a683e96433fb85bff2f013613335e0c818',
    'docs/plans/dataset-caption-integration/reports/caption-combined-04-exact-filter-narrow.png': 'fedb9bccd02f64414017aa98de31c0593b24a02b94803642d68404e8f5452d92',
    'docs/plans/dataset-caption-integration/reports/caption-combined-05-fixed-set-desktop.png': '6b0d4792ede760f4a491600ef8874f12e595116172ec9f6eee8529f2d478c0af',
    'docs/plans/dataset-caption-integration/reports/caption-combined-05-fixed-set-narrow.png': 'b33b4caa96d1998dd6b5d2a9fe3e55483069881655d80263b7c152a11262a731',
    'docs/plans/dataset-caption-integration/reports/caption-combined-06-release-preview-desktop.png': '2a15186f8f9ebc24031068dcb1687d9f68311d596c4b8e2851acbbd986c40448',
    'docs/plans/dataset-caption-integration/reports/caption-combined-06-release-preview-narrow.png': '9a31532a6426e96132bbf1d0a1896f4242f0e75e396e563cb7b98b7ee791124f',
    'docs/plans/dataset-caption-integration/reports/caption-combined-07-download-desktop.png': '9e5b4add22d9610fffde9d77bb6279989fbdbfa9ed9be844e17eabc3eb9ba98f',
    'docs/plans/dataset-caption-integration/reports/caption-combined-07-download-narrow.png': 'c60be0432dc2ad360997ff23c67caf3e8a3e0851df79905b7f05c9994c7bf651',
    'docs/plans/dataset-caption-integration/reports/caption-combined-session.json': '45288debce51388212f0d4b8e6036e21c80c659117ea6c5a84910a8b1ebc8bcb',
    'docs/plans/dataset-caption-integration/reports/gallery.html': 'b2ff04b41298b04863e728d256daca7752f94a5405898590f362ac47834781e9',
    'docs/plans/dataset-caption-integration/reports/pr10-ci-startup.md': '1a88262ff4dcabc47a08bec85256215ecac6ded12373223e965e4a1a604a2ee6',
    'docs/plans/dataset-caption-integration/reports/source-and-gates.json': '1c24f2dc64e72c4efc15fcb9357f82679b43caa739c20efaa2b9d6f7c454f476',
    'docs/plans/dataset-caption-integration/reports/verification.md': '6ff16d2886c955e6141594d3c6025ad7b1cadeb24c35841a107a33315df016f9',
    'docs/plans/dataset-integration/reports/integration-desktop.png': '067669f4e7fc8a877d0d4f61ba6db78774a14597d382bf2308602b099c2cc9b0',
    'docs/plans/dataset-integration/reports/integration-narrow.png': 'b74c710bdbbe8d874beee3c8bdb80f225efa2f9716934f33c998b65b747275f2',
    'docs/plans/dataset-integration/reports/verification.md': '370aee9893de8d034befff52bfacfcca4f92d489b0dbd01d1b2797a2d02109a4',
    'docs/plans/dataset-workflows/reports/discovery.html': '4c7f1d135c01a23f5d38bc751310850774806a840f1bce11d9ce02af46168f17',
    'docs/plans/explicit-metadata-filters/reports/filters-desktop.png': 'e9574406a354a1b374ab4b9b311b2c6626c4cac86253eca46320005b7ba2c9a9',
    'docs/plans/explicit-metadata-filters/reports/filters-narrow.png': 'd6b404a225748a26be0fbcb9f00f4d2b86569ed6281596cc2303dbb56d8f5d63',
    'docs/plans/explicit-metadata-filters/reports/line-endings.md': 'a213325fee746bcc36551f5b1e08d4c41a85d8f0befaf718c6ba4c296aeb5e41',
    'docs/plans/explicit-metadata-filters/reports/surrogates.md': '7d1f2d75e33ff6d85a40e1b24111f44e1cd230c1f087443d1caebee88d5b8cd5',
    'docs/plans/explicit-metadata-filters/reports/verification.md': 'a52d9f7d63b0f4c523d84724f97306b2718751e2b9570d89966f96eaab1664ea',
    'docs/plans/grounded-text-candidates/reports/real-pumas-smoke.md': '4735ab4df3eb762b080a44a38755eecda3387d8e98472a3c06d66dc1b83a264f',
    'docs/plans/image-caption-exports/reports/grounded-reopen-ci-failure.md': 'b708b2d94d085bf0d4e67acb18e076aa30463b171aab14c42611f1542cf037af',
    'docs/plans/instruction-responses/reports/verification.md': 'b72c8930e57ef2a98f0df87f7274301ebe1b2a5216263954fa00304a78832092',
    'docs/plans/native-text-classification-import/reports/browser-startup-absolute-deadline.md': 'c6db04956165fc7afa672351676f40afff71b633b7ff4bf171cecc81b05b1689',
    'docs/plans/native-text-classification-import/reports/browser-startup-budget.md': '8dec056a96067e61e223459098de8efe71dd113e248f6f20d72ad4b7c6fec6d5',
    'docs/plans/native-text-classification-import/reports/native-text-desktop.png': '657ed18fe650f97e6ae8c165ccc741c302414cf5a1854379e9b8fa8d87d595a6',
    'docs/plans/native-text-classification-import/reports/native-text-narrow.png': '6d8e6ab53dc55d04209cea93916da376bfc47f158a779afa174112638ba38fbc',
    'docs/plans/native-text-classification-import/reports/provenance-row-errors.md': '749465806f78a670923a84c2416440543d887e7db7d79a7062402cc0908e27e9',
    'docs/plans/native-text-classification-import/reports/qualification.md': 'eaa82e5e6fac2e4196904b72f938a1db60acde7966c1532427efe7a453a71317',
    'docs/plans/rights-note-correction/reports/accepted-target-merge.md': 'b4a91b9f5c3e20d4f7e1d0ec030201b081b2060b0490bd4601205210e4e66461',
    'docs/plans/rights-note-correction/reports/evidence.json': '53cc8e827831e8b0574767acfecb7e2c70f54583ab47427181eeb149009cd1ef',
    'docs/plans/rights-note-correction/reports/rights-desktop.png': '820b6f0fa1352615a82e1a3e141a225f02adad37ac26b419f48bd5da5d04ae20',
    'docs/plans/rights-note-correction/reports/rights-narrow.png': '637fb091467c3a6083219918683640c18a1340d53f1e27feecc6e34ca1683382',
    'docs/plans/rights-note-correction/reports/stale-export-test-synchronization.md': 'f191b643578c6d480e106d3d1cae7439661084530642dcfcb2f608ba6a353cd6',
    'docs/plans/rights-note-correction/reports/verification.md': '48dfbc4a7462b3e30e4f5d21f1978fff48adf4cd37adc46f540d3e1ce86559ed',
    'docs/plans/saved-dataset-selections/reports/saved-desktop.png': '87e8288e24cae06e42788d8503d92e6d3afdecfc137335cf7a4306740f87c9e6',
    'docs/plans/saved-dataset-selections/reports/saved-narrow.png': 'c933b998083c19b52fdc8e180c795f891ba202093de283cd8259c50b6c2e74e7',
    'docs/plans/saved-dataset-selections/reports/verification.md': '158139c50cabab088f356896a089391fdad1432349db3a4c95cced496fec9927',
    'docs/plans/saved-selection-intent/reports/cached-preview.md': 'e3c24d1c9a8dcc04c58d773268cfc69b8be8da5663b999dfe00952a20f2742fa',
    'docs/plans/saved-selection-intent/reports/intent-blocked.png': 'e8ef46bd6819c031e3f9f49b20b56284d79eddd8faeeda122056f36d8b290c9e',
    'docs/plans/saved-selection-intent/reports/verification.md': '9717f51def2a05508b2582575b91bf968228983bf99cd52df104c1383b054436',
    'docs/plans/selected-release-preview/reports/queued-api-contract.md': '36e1a9fe99e43a72edede16fb12fa6437961e5ca1a7dd37ba022b4fe24173e4b',
    'docs/plans/selected-release-preview/reports/saved-generation-compatibility.md': '7a92dec4969cbc4bd4743e6b6d90d96e9e74aa246a408e5e481376d91e37edb6',
    'docs/plans/selected-release-preview/reports/verification.md': 'fc81f2feb617aec9c662064592e4435ce41c36d38c9a6a9131f83e76a8267cfe',
    'docs/plans/workbench-parent-owner-fix/reports/artifact-manifest.json': 'fdff3cfa99432dfa013c119e50786e94e722b63ed6ba5ececc3bb2afbfd1206b',
    'docs/plans/workbench-parent-owner-fix/reports/combined-01-curation-draft-desktop.png': '51a132f4dc6d3087bafda3cf26f60df11738c5bbda94196f2627223282a9cd7e',
    'docs/plans/workbench-parent-owner-fix/reports/combined-01-curation-draft-narrow.png': '1ac12fa6b7d193478d890c8ab69a3a2e3d38d500774a367f0762ade57efc41fe',
    'docs/plans/workbench-parent-owner-fix/reports/combined-02-native-draft-desktop.png': 'a70a00a3689bae7668455d70fadd389c68b97ff8e7cacef6d3654c90cb4ba431',
    'docs/plans/workbench-parent-owner-fix/reports/combined-02-native-draft-narrow.png': '5d9987b8201df9c68999d6e3a22a21b06fb2d62e368f1c877e41cf361b2f094a',
    'docs/plans/workbench-parent-owner-fix/reports/combined-03-frozen-selection-desktop.png': 'a71d63cf5483f00cf22143f963cdb3cc594c6489dd6ec5fa8d4a8352b46eba54',
    'docs/plans/workbench-parent-owner-fix/reports/combined-03-frozen-selection-narrow.png': '93fd486f71211bf563d1d2785ecc5815ed15629f389545650a99eacd42a267e6',
    'docs/plans/workbench-parent-owner-fix/reports/combined-canonical-downloaded.zip': '9309d2978a838e32345e3034f57b5f939e5ae9b01c72c1786a0dd7202513501d',
    'docs/plans/workbench-parent-owner-fix/reports/combined-instruction-downloaded.zip': '4033489569d53fe4fdbc7cff35041e6cb0af45764c6691fa6ced364f029ce31a',
    'docs/plans/workbench-parent-owner-fix/reports/combined-session.json': 'fb8bd3979e5c94294dfe76f9bc4fac2e52a97271949f39b1cae14e8fc345d17c',
    'docs/plans/workbench-parent-owner-fix/reports/full-suite-artifacts.json': '360e0734d7d072125ef1916d84a8e1fd883231bacacbc301097eab8cfc0f5aea',
    'docs/plans/workbench-parent-owner-fix/reports/full-suite/docs/plans/annotated-caption-import/reports/caption-import-desktop.png': '4b3910cf11f55d19fcaf73f32b3334bf4c88b0cdc206a88716cbca24c294e687',
    'docs/plans/workbench-parent-owner-fix/reports/full-suite/docs/plans/annotated-caption-import/reports/caption-import-narrow.png': 'a8afb4f8709bb9729f3ee286c9a9cd1123be9dec1ce4be3cc881386d9351635d',
    'docs/plans/workbench-parent-owner-fix/reports/full-suite/docs/plans/bulk-real-import/reports/bulk-desktop.png': '5f85ab7b3a73a79bff00c6ffc0ad1e728a91cc2d8e960c7f6be7cae46847f7ba',
    'docs/plans/workbench-parent-owner-fix/reports/full-suite/docs/plans/bulk-real-import/reports/bulk-narrow.png': '683e2f07742843ef0d70528dea9d60acb2cdb8f8eaf4256756454d933a4e857a',
    'docs/plans/workbench-parent-owner-fix/reports/full-suite/docs/plans/curation-diagnostics/reports/curation-desktop.png': '26d852d2cbee33792781abced1014efc71925b0fc763199c5c2d36d7b9890a2b',
    'docs/plans/workbench-parent-owner-fix/reports/full-suite/docs/plans/curation-diagnostics/reports/curation-members-desktop.png': '0c9b7fa11e1695129d64df3bf50fdaca86b3703e1f653464bfe0dcedbe803fea',
    'docs/plans/workbench-parent-owner-fix/reports/full-suite/docs/plans/curation-diagnostics/reports/curation-members-narrow.png': 'da6e848b7517f0cc2b8a4d86c853ff13a2eee745f3f69744cf3267f5bd041e27',
    'docs/plans/workbench-parent-owner-fix/reports/full-suite/docs/plans/curation-diagnostics/reports/curation-narrow.png': '255f5fd12131db52a32a0b53d675aaec7c7ed6a8f80989f5b1401f4d66e4c68e',
    'docs/plans/workbench-parent-owner-fix/reports/full-suite/docs/plans/dataset-caption-integration/reports/caption-combined-01-folder-import-desktop.png': 'd9d23dce766f28894b87c97b22bb4c569d1555f9fba42ff4be9a0cbc3616905f',
    'docs/plans/workbench-parent-owner-fix/reports/full-suite/docs/plans/dataset-caption-integration/reports/caption-combined-01-folder-import-narrow.png': '252892fdc045e301542e1dccfb002bfa1ec7a67c90b4205d1eefca035353c160',
    'docs/plans/workbench-parent-owner-fix/reports/full-suite/docs/plans/dataset-caption-integration/reports/caption-combined-02-draft-blocked-desktop.png': 'fc9af98def48ff3dd49fe4113154d136f9eafcd2d870a07f623557e36b3200d8',
    'docs/plans/workbench-parent-owner-fix/reports/full-suite/docs/plans/dataset-caption-integration/reports/caption-combined-02-draft-blocked-narrow.png': '0d0a4acfd7200df225102a2d74a9097dfed568a017635792c4aa991c559730a7',
    'docs/plans/workbench-parent-owner-fix/reports/full-suite/docs/plans/dataset-caption-integration/reports/caption-combined-03-caption-reviewed-desktop.png': '3c8a7f489ff49b49ecd03b0787594d63e3c0a9b486e7df9fff12aae39a5e176b',
    'docs/plans/workbench-parent-owner-fix/reports/full-suite/docs/plans/dataset-caption-integration/reports/caption-combined-03-caption-reviewed-narrow.png': '9b63830506a0e8cd44b5b01a8163c77067f0d7e727a0412e18f26211461e9fb7',
    'docs/plans/workbench-parent-owner-fix/reports/full-suite/docs/plans/dataset-caption-integration/reports/caption-combined-04-exact-filter-desktop.png': '1f84185112d09d338806888634790b88473fb3d95a9201491a87b68e4b6666e5',
    'docs/plans/workbench-parent-owner-fix/reports/full-suite/docs/plans/dataset-caption-integration/reports/caption-combined-04-exact-filter-narrow.png': 'e47ed076a4a4e5ca76a779e90d703d8b55bb9f1a9b1b4b66f7dd37648d4fb63d',
    'docs/plans/workbench-parent-owner-fix/reports/full-suite/docs/plans/dataset-caption-integration/reports/caption-combined-05-fixed-set-desktop.png': 'e11da840f369bfe94c38d2445dfee179bf99a92c8c5a87f0ed4381f5de4950dd',
    'docs/plans/workbench-parent-owner-fix/reports/full-suite/docs/plans/dataset-caption-integration/reports/caption-combined-05-fixed-set-narrow.png': 'ffb1b6d48b9cc2c21a9bef655ca2dee250e97869ede7453eab9d7a82e7cb98b0',
    'docs/plans/workbench-parent-owner-fix/reports/full-suite/docs/plans/dataset-caption-integration/reports/caption-combined-06-release-preview-desktop.png': 'dd5d8b49a8b4675738b517cd6a8f92e23686fc6bcea7d1e07821992fbff7fea1',
    'docs/plans/workbench-parent-owner-fix/reports/full-suite/docs/plans/dataset-caption-integration/reports/caption-combined-06-release-preview-narrow.png': 'b1d74432d63e73c8440901eb2278fc01ddb0db9cde741a1a54040f4ce1c472ca',
    'docs/plans/workbench-parent-owner-fix/reports/full-suite/docs/plans/dataset-caption-integration/reports/caption-combined-07-download-desktop.png': 'f14e4c78ddeae9d40591a1c388ede9210ec71bacf820ed2849c4762bf753a3c3',
    'docs/plans/workbench-parent-owner-fix/reports/full-suite/docs/plans/dataset-caption-integration/reports/caption-combined-07-download-narrow.png': '1adcb9c290ecf0259b19f2d9d1e15a6421d5fa74bc5d8b350f1a945473a88dc7',
    'docs/plans/workbench-parent-owner-fix/reports/full-suite/docs/plans/dataset-caption-integration/reports/caption-combined-session.json': '5207eb9710be2878f8fde2550a34d053e3555f685491c6fbe0c458b68cbb17e1',
    'docs/plans/workbench-parent-owner-fix/reports/full-suite/docs/plans/dataset-integration/reports/integration-desktop.png': '21f1876cad96542d9a0fa1f762c2506603f04c6f8da0d633b90eee830adbb25b',
    'docs/plans/workbench-parent-owner-fix/reports/full-suite/docs/plans/dataset-integration/reports/integration-narrow.png': 'd792e0ea9c9d0c7865cdc952d5e3b72f1363ba2e09bd3082b894fc7fe195b553',
    'docs/plans/workbench-parent-owner-fix/reports/full-suite/docs/plans/dataset-workflows/reports/workbench-desktop.png': '3f6a8409b1312be37c2e70134638d2231c0be0c0f147d58efffbbf22f075c4a8',
    'docs/plans/workbench-parent-owner-fix/reports/full-suite/docs/plans/dataset-workflows/reports/workbench-grounded.png': 'ad6af8c0104c9830572a3b817753c54057f23f4ec284a62ec44e20869c0cb623',
    'docs/plans/workbench-parent-owner-fix/reports/full-suite/docs/plans/dataset-workflows/reports/workbench-narrow.png': '20ba012e9602a2dbce74a3ce5e071e665f0907013b89dd7f2e93404d1d6c6635',
    'docs/plans/workbench-parent-owner-fix/reports/full-suite/docs/plans/explicit-metadata-filters/reports/filters-desktop.png': '06137421af2afc728e407b7b30b6c8b6f82582ffd0d91de6a05df887b3ccd508',
    'docs/plans/workbench-parent-owner-fix/reports/full-suite/docs/plans/explicit-metadata-filters/reports/filters-narrow.png': '10ddda1e2c057e869d5d4382ffd2c628632a50da5e4e9d7ff7fd5f9e4f8584e4',
    'docs/plans/workbench-parent-owner-fix/reports/full-suite/docs/plans/image-caption-exports/reports/captions-desktop.png': '2871576635a5535ec1e13739838caf669097837e2cc382afd603738c4be4c7cb',
    'docs/plans/workbench-parent-owner-fix/reports/full-suite/docs/plans/image-caption-exports/reports/captions-narrow.png': '2138cbaad8cc0be17f4acb23e93dde47f5f314d65b6395313fe97c9828060469',
    'docs/plans/workbench-parent-owner-fix/reports/full-suite/docs/plans/instruction-responses/reports/instruction-01-independent-answers-desktop.png': 'c16e0cce3917d7a33e21faee1f4c05f0c840c8acfc415c3b7cdba1618cf9b3da',
    'docs/plans/workbench-parent-owner-fix/reports/full-suite/docs/plans/instruction-responses/reports/instruction-01-independent-answers-narrow.png': '7dc64ac58a461a8d6b0db3a38fbc54c0e649cd3c5ebae8ddcc54f090536ff262',
    'docs/plans/workbench-parent-owner-fix/reports/full-suite/docs/plans/instruction-responses/reports/instruction-02-stale-fixed-selection-desktop.png': '61c72c1fff6dd27a4ca048d4114a5fb9a2b53857612ebe041e754ce51972daf2',
    'docs/plans/workbench-parent-owner-fix/reports/full-suite/docs/plans/instruction-responses/reports/instruction-02-stale-fixed-selection-narrow.png': 'f3e74ce3f4ec0ddc9b11667938cd78df0d7a610da5957e43741c7c5712f14c7d',
    'docs/plans/workbench-parent-owner-fix/reports/full-suite/docs/plans/instruction-responses/reports/instruction-03-weighted-preview-desktop.png': '68597e4c948af4c278b52d6aa2ef943dc6b7fd834705bacbbcfa5fa7f1e792b7',
    'docs/plans/workbench-parent-owner-fix/reports/full-suite/docs/plans/instruction-responses/reports/instruction-03-weighted-preview-narrow.png': 'e559dcb88ab4675ef137faf56a400881ca492f5d50ffd2265a795ec66c46ecbb',
    'docs/plans/workbench-parent-owner-fix/reports/full-suite/docs/plans/instruction-responses/reports/instruction-04-download-desktop.png': 'bfc11fd4abe6bbec9a7047db1bd87c5e45e699e9eec6b5760e9d7f84238ce65e',
    'docs/plans/workbench-parent-owner-fix/reports/full-suite/docs/plans/instruction-responses/reports/instruction-04-download-narrow.png': '2444551f3d53682fbb3baf31cbbc3f819d779b62c809a7ad17b7b6f359023702',
    'docs/plans/workbench-parent-owner-fix/reports/full-suite/docs/plans/instruction-responses/reports/instruction-downloaded.zip': 'cbcbf8402973aec46c4f9e406a41b530ed65b2effa6833c9dcfde368c467c647',
    'docs/plans/workbench-parent-owner-fix/reports/full-suite/docs/plans/instruction-responses/reports/instruction-session.json': '9e9690381d69dc2c7a988d0f959818c1c79ce0769110a76c4ee99607f95ee79e',
    'docs/plans/workbench-parent-owner-fix/reports/full-suite/docs/plans/native-text-classification-import/reports/native-text-desktop.png': '2a8ca9344960767e4a8d368dad6b3af369930f2a271c1312a1de83ead6177f3f',
    'docs/plans/workbench-parent-owner-fix/reports/full-suite/docs/plans/native-text-classification-import/reports/native-text-narrow.png': '7768d2cdc2a8513d21b9313dc7802217e3beb10faa0dc13d0538214314147831',
    'docs/plans/workbench-parent-owner-fix/reports/full-suite/docs/plans/rights-note-correction/reports/rights-desktop.png': '820b6f0fa1352615a82e1a3e141a225f02adad37ac26b419f48bd5da5d04ae20',
    'docs/plans/workbench-parent-owner-fix/reports/full-suite/docs/plans/rights-note-correction/reports/rights-narrow.png': '637fb091467c3a6083219918683640c18a1340d53f1e27feecc6e34ca1683382',
    'docs/plans/workbench-parent-owner-fix/reports/full-suite/docs/plans/saved-dataset-selections/reports/saved-desktop.png': '0ca2fc10e6f027473d19cd2872f5dbe15812a7061847485e4eed121f774a078d',
    'docs/plans/workbench-parent-owner-fix/reports/full-suite/docs/plans/saved-dataset-selections/reports/saved-narrow.png': '3a9d76561f33b80308cff8b3eb95b0384ef03ebf2bcf004b137c5f257ace66fe',
    'docs/plans/workbench-parent-owner-fix/reports/full-suite/docs/plans/saved-selection-intent/reports/intent-blocked.png': '00fa687099c875bb271ce9165a9afb4481c2961971503903c61f75acb152d30a',
    'docs/plans/workbench-parent-owner-fix/reports/full-suite/docs/plans/selected-release-preview/reports/preview-desktop.png': 'aed2e6e7dfc207ef1f9885524941d94d1797b84fd052ad14d7434f6f43321402',
    'docs/plans/workbench-parent-owner-fix/reports/full-suite/docs/plans/selected-release-preview/reports/preview-narrow.png': 'b73bb3024655d276c64e2c92968998b4b8dde7f1fc99cbd92a9b634b4f6a04d8',
    'docs/plans/workbench-parent-owner-fix/reports/gates/01.log': 'cdf742cb068a2d69a4896039877cb6a6ac24c17814f1417e2e2fec7c8f3cdae7',
    'docs/plans/workbench-parent-owner-fix/reports/gates/02.log': 'e3b0c44298fc1c149afbf4c8996fb92427ae41e4649b934ca495991b7852b855',
    'docs/plans/workbench-parent-owner-fix/reports/gates/03.log': 'e3b0c44298fc1c149afbf4c8996fb92427ae41e4649b934ca495991b7852b855',
    'docs/plans/workbench-parent-owner-fix/reports/gates/04.log': 'e3b0c44298fc1c149afbf4c8996fb92427ae41e4649b934ca495991b7852b855',
    'docs/plans/workbench-parent-owner-fix/reports/gates/05.log': 'e3b0c44298fc1c149afbf4c8996fb92427ae41e4649b934ca495991b7852b855',
    'docs/plans/workbench-parent-owner-fix/reports/gates/06.log': 'e3b0c44298fc1c149afbf4c8996fb92427ae41e4649b934ca495991b7852b855',
    'docs/plans/workbench-parent-owner-fix/reports/gates/07.log': 'e3b0c44298fc1c149afbf4c8996fb92427ae41e4649b934ca495991b7852b855',
    'docs/plans/workbench-parent-owner-fix/reports/gates/08.log': 'e3b0c44298fc1c149afbf4c8996fb92427ae41e4649b934ca495991b7852b855',
    'docs/plans/workbench-parent-owner-fix/reports/gates/09.log': 'e3b0c44298fc1c149afbf4c8996fb92427ae41e4649b934ca495991b7852b855',
    'docs/plans/workbench-parent-owner-fix/reports/gates/10.log': 'e4005173e9a16864039a1959b1f544aae2e6b9942ddc442eb05488bbf1819f40',
    'docs/plans/workbench-parent-owner-fix/reports/gates/11.log': '261c7df53bd1fee0a3f2ee3763a0495c63ff38894292ffb5edaefc9533d2d420',
    'docs/plans/workbench-parent-owner-fix/reports/gates/12.log': '5857758e5789e3015458802d7e17c72a56d1ee5d3d09a2534ba3b9ce4fb07114',
    'docs/plans/workbench-parent-owner-fix/reports/gates/13.log': 'fd916ba6abe3f865e1c320fe149cc2f91185a4d57551976f3b2292cc4fbea0e6',
    'docs/plans/workbench-parent-owner-fix/reports/gates/14.log': '3dd0a5384055d747a2a8b0fcf331efd7684ce504e84a175debd29446cb38dac7',
    'docs/plans/workbench-parent-owner-fix/reports/gates/15.log': '3e0563561164771d1543857525d2510a6c270ebb51103dcf2e4363e01aa0ccbf',
    'docs/plans/workbench-parent-owner-fix/reports/gates/16.log': 'd3172e0c94b24ca478ec65772d7272ad58fc05f735a87ab5689c267b9b5ad0b6',
    'docs/plans/workbench-parent-owner-fix/reports/gates/17.log': '61b9242683445804ee8187e17ae26b78ca0280c5fd3c1362c9fa9fb7f8914601',
    'docs/plans/workbench-parent-owner-fix/reports/gates/18.log': '80f3568861ba8b2dae7e36ef4a886737f3291dbaa52415c74dc5b1dea91764e3',
    'docs/plans/workbench-parent-owner-fix/reports/gates/19.log': '51532a9e7ebdaf365eb0f4a7d6bbd8328e52eb607105e2b336fbb74c3450ded9',
    'docs/plans/workbench-parent-owner-fix/reports/gates/20.log': '6ead1728855903672b5ad0d8b9ad83b2a4c4cf6ec4a65cee3cac1ef287d1e5a7',
    'docs/plans/workbench-parent-owner-fix/reports/gates/21.log': '05868be49e9721d25e78625696969f1d8c5cdca61800a801ec01b13286fccb05',
    'docs/plans/workbench-parent-owner-fix/reports/gates/22.log': '6e42d1ef09c6afddfd8c2440c9a77ba69148da1f1bccb855f43b329c1312d6bd',
    'docs/plans/workbench-parent-owner-fix/reports/gates/23.log': '6e824501d277f87d7c061956a0219a3b3069a047964a2a34ad33dae9d5031f05',
    'docs/plans/workbench-parent-owner-fix/reports/gates/24.log': 'b36bc2a10bf0cae07546bedacd71abf9c13923bf78dbe254692889237f85c26d',
    'docs/plans/workbench-parent-owner-fix/reports/gates/25.log': '599aef6baef3bc6c52f12040dacf45de55b82f6d5f7c8ebc5169b8e999b09ba9',
    'docs/plans/workbench-parent-owner-fix/reports/gates/26.log': '8ef243364f2f808cc924494697d0948b9e0a096867910780911954dbd8f7a30d',
    'docs/plans/workbench-parent-owner-fix/reports/gates/27.log': 'b051f9359a4b2a060eca58f9957ecf7ecc47cf98a96cafa955b1ca00aa1fbeb9',
    'docs/plans/workbench-parent-owner-fix/reports/gates/28.log': '291436bb604feb899cba63b7f1db2570d8daee40e10e6a1d4ffce078b0ba9ff3',
    'docs/plans/workbench-parent-owner-fix/reports/gates/29.log': '8d4d15a55284549fc3c39123f9209fa78a5b26c4dd756810e1de73b1e77201cf',
    'docs/plans/workbench-parent-owner-fix/reports/gates/30.log': '7a36036970aadaa037ccf2e2b1ca56a209e95063e23b36e0213a12c6df3f8a3f',
    'docs/plans/workbench-parent-owner-fix/reports/gates/31.log': '892f85ef1b6f625d3e3772afb542cdb4648872f4a016cbe89a1e596999ecb930',
    'docs/plans/workbench-parent-owner-fix/reports/gates/32.log': 'c4364d87bc68b087499fab4cfdd176236680147d74c98f3f53daccf72c81e6e3',
    'docs/plans/workbench-parent-owner-fix/reports/gates/33.log': 'eb03f61e748106c281dc8e80117fc5c05f11e9b19ab4e95a59b05486132cd3b3',
    'docs/plans/workbench-parent-owner-fix/reports/gates/34.log': '615b5552d1b73240413cbefea02234b116681926a604642da16f6403f73682a6',
    'docs/plans/workbench-parent-owner-fix/reports/gates/35.log': 'cccf73dddb0bea3094a9c20bc491689ccdb11eefaa3f5e9ec4047974f27fc0fc',
    'docs/plans/workbench-parent-owner-fix/reports/gates/36.log': '727d0194b67d0f3bc1d7a6bb34490c363d3a603a28e2aa1ab3cbb6fa613addf3',
    'docs/plans/workbench-parent-owner-fix/reports/gates/37.log': 'e6e895d874788279ce13cdb8284e67fe21d9d1602c8c1802470a249ceb58dd9f',
    'docs/plans/workbench-parent-owner-fix/reports/gates/38.log': 'cbcc9049c0a9851cf9678ed496c79f70787a81f671cd031af5f9239a53438137',
    'docs/plans/workbench-parent-owner-fix/reports/gates/39.log': 'bbf7c179e2685009f17315b112a346eb900c8616810de80976aefdfb4fa39bb3',
    'docs/plans/workbench-parent-owner-fix/reports/gates/results.json': '5430e07515f78df5a7e989dcf17f9fe209a68312e495ef45172a48a57447b74f',
    'docs/plans/workbench-parent-owner-fix/reports/gates/source.json': '92655a30cbd9327f76e39fbe66dec887d1d777e20c3732c3d22be5726f0129c6',
    'docs/plans/workbench-parent-owner-fix/reports/prior-traces/browser-focused-corrected.log': '8460aeec55f504f8d8db4a3de12bbe118c88ebc145ff641d1eaa2fce50f9bbb5',
    'docs/plans/workbench-parent-owner-fix/reports/prior-traces/browser-focused.log': '611641ea646faa69106e9c8ae003043a8efe82fd03f8eb73f4099b766870bf51',
    'docs/plans/workbench-parent-owner-fix/reports/prior-traces/controller-after-fix.log': '05868be49e9721d25e78625696969f1d8c5cdca61800a801ec01b13286fccb05',
    'docs/plans/workbench-parent-owner-fix/reports/prior-traces/controller-before-fix.log': '995ba9d356f1e56b1c8273f46ed5734982b5b36259c1a7ad87783c5605120dfc',
    'docs/plans/workbench-parent-owner-fix/reports/prior-traces/controller-immutable-predecessor.log': '995ba9d356f1e56b1c8273f46ed5734982b5b36259c1a7ad87783c5605120dfc',
    'docs/plans/workbench-parent-owner-fix/reports/source-and-preservation.json': '1e905c94cef0becfc6a43e8ca912c409505255eb7d7cd9428c77da1ecba6bf8d',
    'docs/plans/workbench-parent-owner-fix/reports/verification.md': '5313741656d29b181f3eadfc51e305a2d427cec363e1e3be290fc97ee27f05fa',
    'docs/plans/workbench-projection-warnings-fix/reports/artifact-manifest.json': 'd76a1c313739565f877416e4c7b83ff43ab17d851a13ba12854554c9ff7eb308',
    'docs/plans/workbench-projection-warnings-fix/reports/combined-01-curation-draft-desktop.png': '51a132f4dc6d3087bafda3cf26f60df11738c5bbda94196f2627223282a9cd7e',
    'docs/plans/workbench-projection-warnings-fix/reports/combined-01-curation-draft-narrow.png': '1ac12fa6b7d193478d890c8ab69a3a2e3d38d500774a367f0762ade57efc41fe',
    'docs/plans/workbench-projection-warnings-fix/reports/combined-02-native-draft-desktop.png': 'a70a00a3689bae7668455d70fadd389c68b97ff8e7cacef6d3654c90cb4ba431',
    'docs/plans/workbench-projection-warnings-fix/reports/combined-02-native-draft-narrow.png': '5d9987b8201df9c68999d6e3a22a21b06fb2d62e368f1c877e41cf361b2f094a',
    'docs/plans/workbench-projection-warnings-fix/reports/combined-03-frozen-selection-desktop.png': 'a71d63cf5483f00cf22143f963cdb3cc594c6489dd6ec5fa8d4a8352b46eba54',
    'docs/plans/workbench-projection-warnings-fix/reports/combined-03-frozen-selection-narrow.png': '93fd486f71211bf563d1d2785ecc5815ed15629f389545650a99eacd42a267e6',
    'docs/plans/workbench-projection-warnings-fix/reports/combined-canonical-downloaded.zip': '4393ce4c24658b7a322f8956dbda1a137c03520212c3d9d0d2fc90ad2b5fe7a1',
    'docs/plans/workbench-projection-warnings-fix/reports/combined-instruction-downloaded.zip': 'd9cb20d20c357883c92336c53c1a1cca14355a76bb0eb1ba59461c64f4a8b761',
    'docs/plans/workbench-projection-warnings-fix/reports/combined-session.json': 'a72ac26e096e929061e9bf3598116d39bae4ba16648c7c1ca2986594c1018069',
    'docs/plans/workbench-projection-warnings-fix/reports/focused-browser/combined-01-curation-draft-desktop.png': '51a132f4dc6d3087bafda3cf26f60df11738c5bbda94196f2627223282a9cd7e',
    'docs/plans/workbench-projection-warnings-fix/reports/focused-browser/combined-01-curation-draft-narrow.png': '1ac12fa6b7d193478d890c8ab69a3a2e3d38d500774a367f0762ade57efc41fe',
    'docs/plans/workbench-projection-warnings-fix/reports/focused-browser/combined-02-native-draft-desktop.png': 'a70a00a3689bae7668455d70fadd389c68b97ff8e7cacef6d3654c90cb4ba431',
    'docs/plans/workbench-projection-warnings-fix/reports/focused-browser/combined-02-native-draft-narrow.png': '5d9987b8201df9c68999d6e3a22a21b06fb2d62e368f1c877e41cf361b2f094a',
    'docs/plans/workbench-projection-warnings-fix/reports/focused-browser/combined-03-frozen-selection-desktop.png': 'a71d63cf5483f00cf22143f963cdb3cc594c6489dd6ec5fa8d4a8352b46eba54',
    'docs/plans/workbench-projection-warnings-fix/reports/focused-browser/combined-03-frozen-selection-narrow.png': '93fd486f71211bf563d1d2785ecc5815ed15629f389545650a99eacd42a267e6',
    'docs/plans/workbench-projection-warnings-fix/reports/focused-browser/combined-canonical-downloaded.zip': '0f1640e0268ef92c9459318218cccdd955c3b7fe21fba1e6aa059f5de943add5',
    'docs/plans/workbench-projection-warnings-fix/reports/focused-browser/combined-instruction-downloaded.zip': '6497c887a98d2f6bb51b83ac46e96d7041bce197b81ccc59acfc7440c475a667',
    'docs/plans/workbench-projection-warnings-fix/reports/focused-browser/combined-session.json': '2bc8a4aaf18273fdafb1db65578b332f495775a8c5e121550805cd59def5c06d',
    'docs/plans/workbench-projection-warnings-fix/reports/full-suite-artifacts.json': '15de97d5fc38cabf44fd8cd207781232a2aec313f9b634afaedb77378fd0d925',
    'docs/plans/workbench-projection-warnings-fix/reports/full-suite/docs/plans/annotated-caption-import/reports/caption-import-desktop.png': '11bbc00cdfbb6facefb9e6deca6f2317164f89dc027cfd8f0d53148f0cb6ffcc',
    'docs/plans/workbench-projection-warnings-fix/reports/full-suite/docs/plans/annotated-caption-import/reports/caption-import-narrow.png': '900fb34d39bc2d264876d10ffa207b5574238cf822225cdf0fd34d9fa5024eeb',
    'docs/plans/workbench-projection-warnings-fix/reports/full-suite/docs/plans/bulk-real-import/reports/bulk-desktop.png': '5389c3a8788bd7877181f42525e20b8e792890c1e6131ecc1c7fd341611c90e0',
    'docs/plans/workbench-projection-warnings-fix/reports/full-suite/docs/plans/bulk-real-import/reports/bulk-narrow.png': 'd90f2cbc04b0d2bdc3f526cb304dd3ebaeb7304c6375e1d856fb2aa3c56394bd',
    'docs/plans/workbench-projection-warnings-fix/reports/full-suite/docs/plans/curation-diagnostics/reports/curation-desktop.png': '6596155a5f2070ed820fd3d96bc0a70e6a5587852f2e472c4f9ff1a3ddbaaad3',
    'docs/plans/workbench-projection-warnings-fix/reports/full-suite/docs/plans/curation-diagnostics/reports/curation-members-desktop.png': '20ce5d29808275cd3885e21bac787563942100fee74a62e7ee3effa2feea9957',
    'docs/plans/workbench-projection-warnings-fix/reports/full-suite/docs/plans/curation-diagnostics/reports/curation-members-narrow.png': '473977a6c6ea034fe7cc05073444a27d9ae06bcd73be7c583d07fed632ae1bf3',
    'docs/plans/workbench-projection-warnings-fix/reports/full-suite/docs/plans/curation-diagnostics/reports/curation-narrow.png': '6355d6a0a0f2e80379209e8a74be8a9fb4810b1923fad1e80dbfc1ac88e6f5bb',
    'docs/plans/workbench-projection-warnings-fix/reports/full-suite/docs/plans/dataset-caption-integration/reports/caption-combined-01-folder-import-desktop.png': 'edbce1926358e384dcd5a9a0a796f0d50b8f7526a0a42db62c2fd7001cf7238b',
    'docs/plans/workbench-projection-warnings-fix/reports/full-suite/docs/plans/dataset-caption-integration/reports/caption-combined-01-folder-import-narrow.png': '879f74a09629fc3ef2d4a1474b6c3cdc68c676f7711f07a9d7c79b7155f9b347',
    'docs/plans/workbench-projection-warnings-fix/reports/full-suite/docs/plans/dataset-caption-integration/reports/caption-combined-02-draft-blocked-desktop.png': '9231ae3294c080e9c0b9ae00c23daa73d29268d0870384123f5d0b3a94a199c6',
    'docs/plans/workbench-projection-warnings-fix/reports/full-suite/docs/plans/dataset-caption-integration/reports/caption-combined-02-draft-blocked-narrow.png': '758691263a0bc6ceaadab4f02004e22e79352082c15f75904faf6dadabca0081',
    'docs/plans/workbench-projection-warnings-fix/reports/full-suite/docs/plans/dataset-caption-integration/reports/caption-combined-03-caption-reviewed-desktop.png': 'c55d2d743ac5f12d0e253ffb946af80571f1958e5d49e04d34acae4694c4cfda',
    'docs/plans/workbench-projection-warnings-fix/reports/full-suite/docs/plans/dataset-caption-integration/reports/caption-combined-03-caption-reviewed-narrow.png': 'a56442c348a722178c3187ec333dc70e48ed5643ef7f839d9481cb2ccf5da6eb',
    'docs/plans/workbench-projection-warnings-fix/reports/full-suite/docs/plans/dataset-caption-integration/reports/caption-combined-04-exact-filter-desktop.png': '1f84185112d09d338806888634790b88473fb3d95a9201491a87b68e4b6666e5',
    'docs/plans/workbench-projection-warnings-fix/reports/full-suite/docs/plans/dataset-caption-integration/reports/caption-combined-04-exact-filter-narrow.png': 'e47ed076a4a4e5ca76a779e90d703d8b55bb9f1a9b1b4b66f7dd37648d4fb63d',
    'docs/plans/workbench-projection-warnings-fix/reports/full-suite/docs/plans/dataset-caption-integration/reports/caption-combined-05-fixed-set-desktop.png': '9ad3949f1599537da9483c637acb85603217049dfad9cdbdb6dbb821e9a34499',
    'docs/plans/workbench-projection-warnings-fix/reports/full-suite/docs/plans/dataset-caption-integration/reports/caption-combined-05-fixed-set-narrow.png': 'ffb1b6d48b9cc2c21a9bef655ca2dee250e97869ede7453eab9d7a82e7cb98b0',
    'docs/plans/workbench-projection-warnings-fix/reports/full-suite/docs/plans/dataset-caption-integration/reports/caption-combined-06-release-preview-desktop.png': 'dd5d8b49a8b4675738b517cd6a8f92e23686fc6bcea7d1e07821992fbff7fea1',
    'docs/plans/workbench-projection-warnings-fix/reports/full-suite/docs/plans/dataset-caption-integration/reports/caption-combined-06-release-preview-narrow.png': 'b1d74432d63e73c8440901eb2278fc01ddb0db9cde741a1a54040f4ce1c472ca',
    'docs/plans/workbench-projection-warnings-fix/reports/full-suite/docs/plans/dataset-caption-integration/reports/caption-combined-07-download-desktop.png': 'f14e4c78ddeae9d40591a1c388ede9210ec71bacf820ed2849c4762bf753a3c3',
    'docs/plans/workbench-projection-warnings-fix/reports/full-suite/docs/plans/dataset-caption-integration/reports/caption-combined-07-download-narrow.png': '1adcb9c290ecf0259b19f2d9d1e15a6421d5fa74bc5d8b350f1a945473a88dc7',
    'docs/plans/workbench-projection-warnings-fix/reports/full-suite/docs/plans/dataset-caption-integration/reports/caption-combined-session.json': '231f2a9eb745abcef3157a1af388397f382d5a48135f1a22f4c46209e95295f1',
    'docs/plans/workbench-projection-warnings-fix/reports/full-suite/docs/plans/dataset-integration/reports/integration-desktop.png': 'c1b04bdef0d71d421668d81e593046f373c601e06e1ad67c56cc2840f5e6ce52',
    'docs/plans/workbench-projection-warnings-fix/reports/full-suite/docs/plans/dataset-integration/reports/integration-narrow.png': 'd792e0ea9c9d0c7865cdc952d5e3b72f1363ba2e09bd3082b894fc7fe195b553',
    'docs/plans/workbench-projection-warnings-fix/reports/full-suite/docs/plans/dataset-workflows/reports/workbench-desktop.png': '3f6a8409b1312be37c2e70134638d2231c0be0c0f147d58efffbbf22f075c4a8',
    'docs/plans/workbench-projection-warnings-fix/reports/full-suite/docs/plans/dataset-workflows/reports/workbench-grounded.png': 'ad6af8c0104c9830572a3b817753c54057f23f4ec284a62ec44e20869c0cb623',
    'docs/plans/workbench-projection-warnings-fix/reports/full-suite/docs/plans/dataset-workflows/reports/workbench-narrow.png': '20ba012e9602a2dbce74a3ce5e071e665f0907013b89dd7f2e93404d1d6c6635',
    'docs/plans/workbench-projection-warnings-fix/reports/full-suite/docs/plans/explicit-metadata-filters/reports/filters-desktop.png': '06137421af2afc728e407b7b30b6c8b6f82582ffd0d91de6a05df887b3ccd508',
    'docs/plans/workbench-projection-warnings-fix/reports/full-suite/docs/plans/explicit-metadata-filters/reports/filters-narrow.png': '10ddda1e2c057e869d5d4382ffd2c628632a50da5e4e9d7ff7fd5f9e4f8584e4',
    'docs/plans/workbench-projection-warnings-fix/reports/full-suite/docs/plans/image-caption-exports/reports/captions-desktop.png': '2871576635a5535ec1e13739838caf669097837e2cc382afd603738c4be4c7cb',
    'docs/plans/workbench-projection-warnings-fix/reports/full-suite/docs/plans/image-caption-exports/reports/captions-narrow.png': '2138cbaad8cc0be17f4acb23e93dde47f5f314d65b6395313fe97c9828060469',
    'docs/plans/workbench-projection-warnings-fix/reports/full-suite/docs/plans/instruction-responses/reports/instruction-01-independent-answers-desktop.png': 'c16e0cce3917d7a33e21faee1f4c05f0c840c8acfc415c3b7cdba1618cf9b3da',
    'docs/plans/workbench-projection-warnings-fix/reports/full-suite/docs/plans/instruction-responses/reports/instruction-01-independent-answers-narrow.png': '7dc64ac58a461a8d6b0db3a38fbc54c0e649cd3c5ebae8ddcc54f090536ff262',
    'docs/plans/workbench-projection-warnings-fix/reports/full-suite/docs/plans/instruction-responses/reports/instruction-02-stale-fixed-selection-desktop.png': '756ad6e6f3e9f609e19bd2298c294be30f80554231979996206e10ba89e06769',
    'docs/plans/workbench-projection-warnings-fix/reports/full-suite/docs/plans/instruction-responses/reports/instruction-02-stale-fixed-selection-narrow.png': '9a2b7b41e80a478344cbb8fff7bfa6891c409d5f5831acb106ab1f6cf0c732eb',
    'docs/plans/workbench-projection-warnings-fix/reports/full-suite/docs/plans/instruction-responses/reports/instruction-03-weighted-preview-desktop.png': '0c25d7e79357d2e93fb734184e3c914a65ba9a6b234ed83884524105dc09c736',
    'docs/plans/workbench-projection-warnings-fix/reports/full-suite/docs/plans/instruction-responses/reports/instruction-03-weighted-preview-narrow.png': '4c5b7e1f59c70bee4a041a4532f13f877bf172ad50ce1f5e4d730ae4e6fcd4d7',
    'docs/plans/workbench-projection-warnings-fix/reports/full-suite/docs/plans/instruction-responses/reports/instruction-04-download-desktop.png': '8f24f783870a50879fd968b82caa74b3a598d7da5fc61b3981f09f173aeac36c',
    'docs/plans/workbench-projection-warnings-fix/reports/full-suite/docs/plans/instruction-responses/reports/instruction-04-download-narrow.png': '4195469dcbb457dc84b3e20f97b96963bcb740538c3871adb050311f4abb56f5',
    'docs/plans/workbench-projection-warnings-fix/reports/full-suite/docs/plans/instruction-responses/reports/instruction-downloaded.zip': 'e55cabbe57127e6e32f63aa8f7e62fbef107306760d95cba36b3f0308478fd11',
    'docs/plans/workbench-projection-warnings-fix/reports/full-suite/docs/plans/instruction-responses/reports/instruction-session.json': '7ba4fd530125de68e79a54e6ce5903b251af75c32adeb8c696b4cbb3985288cb',
    'docs/plans/workbench-projection-warnings-fix/reports/full-suite/docs/plans/native-text-classification-import/reports/native-text-desktop.png': '2a8ca9344960767e4a8d368dad6b3af369930f2a271c1312a1de83ead6177f3f',
    'docs/plans/workbench-projection-warnings-fix/reports/full-suite/docs/plans/native-text-classification-import/reports/native-text-narrow.png': '7768d2cdc2a8513d21b9313dc7802217e3beb10faa0dc13d0538214314147831',
    'docs/plans/workbench-projection-warnings-fix/reports/full-suite/docs/plans/rights-note-correction/reports/rights-desktop.png': '820b6f0fa1352615a82e1a3e141a225f02adad37ac26b419f48bd5da5d04ae20',
    'docs/plans/workbench-projection-warnings-fix/reports/full-suite/docs/plans/rights-note-correction/reports/rights-narrow.png': '637fb091467c3a6083219918683640c18a1340d53f1e27feecc6e34ca1683382',
    'docs/plans/workbench-projection-warnings-fix/reports/full-suite/docs/plans/saved-dataset-selections/reports/saved-desktop.png': '0ea5a6bfe62ab8cbabd39141e8bb201cd4f11c99d75304a12ca4fcf2b4217ed2',
    'docs/plans/workbench-projection-warnings-fix/reports/full-suite/docs/plans/saved-dataset-selections/reports/saved-narrow.png': '9f21bb300e9503bede7fcc0e4647112ff62a10c237ee6b7b76add9f7415f94ea',
    'docs/plans/workbench-projection-warnings-fix/reports/full-suite/docs/plans/saved-selection-intent/reports/intent-blocked.png': '00fa687099c875bb271ce9165a9afb4481c2961971503903c61f75acb152d30a',
    'docs/plans/workbench-projection-warnings-fix/reports/full-suite/docs/plans/selected-release-preview/reports/preview-desktop.png': 'aed2e6e7dfc207ef1f9885524941d94d1797b84fd052ad14d7434f6f43321402',
    'docs/plans/workbench-projection-warnings-fix/reports/full-suite/docs/plans/selected-release-preview/reports/preview-narrow.png': 'b73bb3024655d276c64e2c92968998b4b8dde7f1fc99cbd92a9b634b4f6a04d8',
    'docs/plans/workbench-projection-warnings-fix/reports/gates/01.log': '3ba41862ed5091387a4046a7d73daa3e9d8d21287d3b075c044c2f49e9402bbc',
    'docs/plans/workbench-projection-warnings-fix/reports/gates/02.log': 'e3b0c44298fc1c149afbf4c8996fb92427ae41e4649b934ca495991b7852b855',
    'docs/plans/workbench-projection-warnings-fix/reports/gates/03.log': 'e3b0c44298fc1c149afbf4c8996fb92427ae41e4649b934ca495991b7852b855',
    'docs/plans/workbench-projection-warnings-fix/reports/gates/04.log': 'e3b0c44298fc1c149afbf4c8996fb92427ae41e4649b934ca495991b7852b855',
    'docs/plans/workbench-projection-warnings-fix/reports/gates/05.log': 'e3b0c44298fc1c149afbf4c8996fb92427ae41e4649b934ca495991b7852b855',
    'docs/plans/workbench-projection-warnings-fix/reports/gates/06.log': 'e3b0c44298fc1c149afbf4c8996fb92427ae41e4649b934ca495991b7852b855',
    'docs/plans/workbench-projection-warnings-fix/reports/gates/07.log': 'e3b0c44298fc1c149afbf4c8996fb92427ae41e4649b934ca495991b7852b855',
    'docs/plans/workbench-projection-warnings-fix/reports/gates/08.log': 'e3b0c44298fc1c149afbf4c8996fb92427ae41e4649b934ca495991b7852b855',
    'docs/plans/workbench-projection-warnings-fix/reports/gates/09.log': 'e3b0c44298fc1c149afbf4c8996fb92427ae41e4649b934ca495991b7852b855',
    'docs/plans/workbench-projection-warnings-fix/reports/gates/10.log': 'e4005173e9a16864039a1959b1f544aae2e6b9942ddc442eb05488bbf1819f40',
    'docs/plans/workbench-projection-warnings-fix/reports/gates/11.log': '261c7df53bd1fee0a3f2ee3763a0495c63ff38894292ffb5edaefc9533d2d420',
    'docs/plans/workbench-projection-warnings-fix/reports/gates/12.log': '5857758e5789e3015458802d7e17c72a56d1ee5d3d09a2534ba3b9ce4fb07114',
    'docs/plans/workbench-projection-warnings-fix/reports/gates/13.log': 'fd916ba6abe3f865e1c320fe149cc2f91185a4d57551976f3b2292cc4fbea0e6',
    'docs/plans/workbench-projection-warnings-fix/reports/gates/14.log': '3dd0a5384055d747a2a8b0fcf331efd7684ce504e84a175debd29446cb38dac7',
    'docs/plans/workbench-projection-warnings-fix/reports/gates/15.log': '3e0563561164771d1543857525d2510a6c270ebb51103dcf2e4363e01aa0ccbf',
    'docs/plans/workbench-projection-warnings-fix/reports/gates/16.log': 'd3172e0c94b24ca478ec65772d7272ad58fc05f735a87ab5689c267b9b5ad0b6',
    'docs/plans/workbench-projection-warnings-fix/reports/gates/17.log': '61b9242683445804ee8187e17ae26b78ca0280c5fd3c1362c9fa9fb7f8914601',
    'docs/plans/workbench-projection-warnings-fix/reports/gates/18.log': '80f3568861ba8b2dae7e36ef4a886737f3291dbaa52415c74dc5b1dea91764e3',
    'docs/plans/workbench-projection-warnings-fix/reports/gates/19.log': 'cb3e978c185ef2830ac8bf1b2ea40a57da8d1307784848c1ba25a324f5a7c921',
    'docs/plans/workbench-projection-warnings-fix/reports/gates/20.log': '6ead1728855903672b5ad0d8b9ad83b2a4c4cf6ec4a65cee3cac1ef287d1e5a7',
    'docs/plans/workbench-projection-warnings-fix/reports/gates/21.log': '05868be49e9721d25e78625696969f1d8c5cdca61800a801ec01b13286fccb05',
    'docs/plans/workbench-projection-warnings-fix/reports/gates/22.log': 'ad23b5610b6de2cb1826b0dacc18cd795ee51e528d04c73c203ee87b5c2fc4f1',
    'docs/plans/workbench-projection-warnings-fix/reports/gates/23.log': '105cf044cdff6a094921f57f22ad413cadc27efb8e8510fda71416fe1ad7ec84',
    'docs/plans/workbench-projection-warnings-fix/reports/gates/24.log': '0b3ad8c76e597fef24f1b7ac1cbf2e087472fd3c35eef00f1363719d733519ca',
    'docs/plans/workbench-projection-warnings-fix/reports/gates/25.log': '254d56480cc6efc3a60a75aca0bb83ec92e75ab991b1b6201adc08b099a391cc',
    'docs/plans/workbench-projection-warnings-fix/reports/gates/26.log': '79125847fdbf3e469a9f9e846ee4c3795e79105b20883fcc5fb69d25a30c7326',
    'docs/plans/workbench-projection-warnings-fix/reports/gates/27.log': 'dc3b0a3646400084dc5d1fabe8cf7decb8448d3eb8db2840dcd40616ad07e649',
    'docs/plans/workbench-projection-warnings-fix/reports/gates/28.log': 'b8214052dd8bf045a58c05caf013fa5ecb70712e0501b3009c99f828aa1195e3',
    'docs/plans/workbench-projection-warnings-fix/reports/gates/29.log': 'c7c4b9974f092795522c8de912698d89e2705fbbad16f355f553697424d080b8',
    'docs/plans/workbench-projection-warnings-fix/reports/gates/30.log': '689d96ca19f745b5dae91d3a436d449c0b662bd98f1b2e5d3b33d1cc4747496e',
    'docs/plans/workbench-projection-warnings-fix/reports/gates/31.log': '7b06312585d37fce4247ce02c0fc1ef330c90e2c9786e67201e06961fa1a7d3e',
    'docs/plans/workbench-projection-warnings-fix/reports/gates/32.log': '239362036f3212037106ca64c0a5805aaccfa7f51b0fc204e4ff98be2adbb617',
    'docs/plans/workbench-projection-warnings-fix/reports/gates/33.log': '064c35aa5c0ea009f318f473c5596da07674851dd6ca50c9a0a18092f0aafb27',
    'docs/plans/workbench-projection-warnings-fix/reports/gates/34.log': '615b5552d1b73240413cbefea02234b116681926a604642da16f6403f73682a6',
    'docs/plans/workbench-projection-warnings-fix/reports/gates/35.log': 'cccf73dddb0bea3094a9c20bc491689ccdb11eefaa3f5e9ec4047974f27fc0fc',
    'docs/plans/workbench-projection-warnings-fix/reports/gates/36.log': '610be28a4a7178d171b9671fdaa45f3ac069a8d87d7831e10a8cfb9ce5d5159f',
    'docs/plans/workbench-projection-warnings-fix/reports/gates/37.log': '9349f46ab321420c5cbfa6be34fad5efb9273e84f224cc71a274daf1685c5721',
    'docs/plans/workbench-projection-warnings-fix/reports/gates/38.log': 'fa9ffa7ea9a70b06760ceb756c7be7727e2a0e5a4d0dfed419aae1c72b8d62c6',
    'docs/plans/workbench-projection-warnings-fix/reports/gates/39.log': 'd981e2d818d3b3fde71c0ab49f4ba346d2458f11a1292e058b753c28beef85ba',
    'docs/plans/workbench-projection-warnings-fix/reports/gates/results.json': '1d6e79c6a0cfe4bbac2d770a3d57790bee0f6f14b7d738944811f2c00d6657dd',
    'docs/plans/workbench-projection-warnings-fix/reports/gates/source.json': 'f8e68eb966f6adfcec6190c310d53022808caaac60682adaccf9a6622b9ff4b0',
    'docs/plans/workbench-projection-warnings-fix/reports/prior-traces/affected-tests-final.log': '2cea11ec0edcd611c46fb09736514927a4b6f1c0f9214cbca54793123e0e9c5f',
    'docs/plans/workbench-projection-warnings-fix/reports/prior-traces/affected-tests.log': '0c7523541e87b4765ca30c1dca6f84316feeb1cf6c8c25416b9a8049f4adf14a',
    'docs/plans/workbench-projection-warnings-fix/reports/prior-traces/before-fix.log': '25730e51559fd09a92d6b17b54a5db5ac29649217d330c7cfc20422f95425c1c',
    'docs/plans/workbench-projection-warnings-fix/reports/prior-traces/browser-focused.log': '6f803aa00000d41b5a01ac019e8b5a8af9ddd8bacb294c28e64233fbf1e89b69',
    'docs/plans/workbench-projection-warnings-fix/reports/source-and-preservation.json': 'a89e6ed9d1637f5d6ef9c8545d222c8cb830589b947c7fa49d34a61df8ad7484',
    'docs/plans/workbench-projection-warnings-fix/reports/verification.md': '610ca36ac14fa4a4d85f3f41979ae38784865047993baef279c1423da1c40c40'
  },
  expected: {
    'docs/plans/annotated-caption-import/reports/browser-refresh-synchronization.md': '98ec6fdf8295d642b2755058d440e8c11fb4d0bc4c8f8eb9a31817f7605d04d8',
    'docs/plans/annotated-caption-import/reports/duplicate-pixel-review.md': 'dcec62920e49d639d3202c1a4c6cfb989fb1b4db060535b39536971e139ac02f',
    'docs/plans/annotated-caption-import/reports/fixtures/native-caption-release/README.txt': 'b97560878d310a6e8b484c6039b1899635b5cf73c161a6179d6c831842b8b92b',
    'docs/plans/annotated-caption-import/reports/fixtures/native-caption-release/manifest.json': 'e902b6543b45ac9fb4a24b477b6c975c93746a629e1b0e35989638f038d21e69',
    'docs/plans/annotated-caption-import/reports/fixtures/native-caption-release/test/a40feb1904df49d2b764f2ab81f7200a.png': '9bf55c62f708aa788190c5b3a2884cda8cb6b7d79a3a96aaef16cf1d43f087f6',
    'docs/plans/annotated-caption-import/reports/fixtures/native-caption-release/test/metadata.jsonl': '705c217f119cb0cc2aa13f6a007fc550e1b4bdb68a47d8b5e42de514e6c6d407',
    'docs/plans/annotated-caption-import/reports/fixtures/native-caption-release/train/462f94bd7b9647c2b117d38d88411337.png': 'a51380fc72c7466971aa16130c183bb8e88b4faa96da4d43118c3212e7b3cd9c',
    'docs/plans/annotated-caption-import/reports/fixtures/native-caption-release/train/5ea1b8890660416bb49764e3da1fea0c.png': '5436de6d3b1e1f5fd1740b30ba19825b88bb99314b823a2bda220df77a33473e',
    'docs/plans/annotated-caption-import/reports/fixtures/native-caption-release/train/metadata.jsonl': '26c4b8403f9389a67a9983126b906683d79e587499e9f69cffe17792d69ac224',
    'docs/plans/annotated-caption-import/reports/fixtures/native-caption-release/val/ef96ad86e2de487fb4e035c7d4557e30.png': '9541e6514d2f1a429ac95af125254c46a619283a94695e3b02757b0235da3807',
    'docs/plans/annotated-caption-import/reports/fixtures/native-caption-release/val/metadata.jsonl': 'ed65422fec554cebd4e98a96baf8a427e1e13510e81fb0275167f5edf8a82d9e',
    'docs/plans/annotated-caption-import/reports/fixtures/rehearsal-results.json': 'e02e58a2a272841de2de46dbb2c16f6670c8e298f1f386d59e9bac862334f80d',
    'docs/plans/annotated-caption-import/reports/prepare_fixtures.py': '0a4d94f683664a0c74b49e04d7f7d22fcc4db323d22bfbb084126857cfd14958',
    'docs/plans/annotated-caption-import/reports/verification.md': '27939ce6e69ebd9b720889c3869c7955bc4b465862c0f14cb1f7b0795dc7ac67',
    'docs/plans/bulk-real-import/reports/admission-boundary.md': '0e7a45286077b49841b82daa1f457e76186bc1c9b3f7b2ca9ac00bbc035dab65',
    'docs/plans/bulk-real-import/reports/discovery.md': 'cc9768af79036c67962bc427782a4f19ada96f7631e9babdb8365e15362b3858',
    'docs/plans/bulk-real-import/reports/verification.md': '780546e6fcab2b1a13a1ca74b279626484ae6bb241d11d00660b0bc6d39b5c05',
    'docs/plans/combined-workbench-local/reports/artifact-manifest.json': 'abe8c8e9692036c5c7fd29282d5825f219d51ca7c4c198b9cbd544254e755f6c',
    'docs/plans/combined-workbench-local/reports/combined-01-curation-draft-desktop.png': '51a132f4dc6d3087bafda3cf26f60df11738c5bbda94196f2627223282a9cd7e',
    'docs/plans/combined-workbench-local/reports/combined-01-curation-draft-narrow.png': '1ac12fa6b7d193478d890c8ab69a3a2e3d38d500774a367f0762ade57efc41fe',
    'docs/plans/combined-workbench-local/reports/combined-02-native-draft-desktop.png': '1af26632386de5bacb78b588520aef0555eb910268c3c7d13b18c9730f422234',
    'docs/plans/combined-workbench-local/reports/combined-02-native-draft-narrow.png': '4e5e1070638fbfd4022048217f7ec4997e90cec6b1af736b4454ab75e88ed004',
    'docs/plans/combined-workbench-local/reports/combined-03-frozen-selection-desktop.png': 'a71d63cf5483f00cf22143f963cdb3cc594c6489dd6ec5fa8d4a8352b46eba54',
    'docs/plans/combined-workbench-local/reports/combined-03-frozen-selection-narrow.png': '93fd486f71211bf563d1d2785ecc5815ed15629f389545650a99eacd42a267e6',
    'docs/plans/combined-workbench-local/reports/combined-canonical-downloaded.zip': 'ccc0d24e490add2a83ee40c72afbc159c766f319e46324258644b3b942436304',
    'docs/plans/combined-workbench-local/reports/combined-instruction-downloaded.zip': 'ca6a294b79c6871ffd856c5bc77194c9c9451c882f1f0575b84d2117ed796754',
    'docs/plans/combined-workbench-local/reports/combined-session.json': '7eb9a58caaa55bc839ee51d0840ac0cd4086ff4fcbf707135ac881bed438c911',
    'docs/plans/combined-workbench-local/reports/composition-audit.json': '8687f394800e45fba91935494848d8c80478319d4c9ba4f7842475f3cc0185dc',
    'docs/plans/combined-workbench-local/reports/full-suite-artifacts.json': '3976da6ac8014a4d63a9588b76ced7d0806a8bdc188e5b06b0cd8a4c678123fc',
    'docs/plans/combined-workbench-local/reports/full-suite/docs/plans/annotated-caption-import/reports/caption-import-desktop.png': 'ccab4c2bdc92991497afc437782e748a24402fcc9df8548d0cc2a313f68a51d2',
    'docs/plans/combined-workbench-local/reports/full-suite/docs/plans/annotated-caption-import/reports/caption-import-narrow.png': '1710e1b28152c3dc2a7bbe1c9d819f3ff2ce5107e467253d02aeee2e4da62e16',
    'docs/plans/combined-workbench-local/reports/full-suite/docs/plans/bulk-real-import/reports/bulk-desktop.png': '131839261b9e363d1d7db3054b3a029b6cea0fdf4f8dcb99b1faa621966bfdff',
    'docs/plans/combined-workbench-local/reports/full-suite/docs/plans/bulk-real-import/reports/bulk-narrow.png': '84f7f5f004bc3c14dc0abb0622adbf53e35602704a116d53b65c14bee13f3cfc',
    'docs/plans/combined-workbench-local/reports/full-suite/docs/plans/curation-diagnostics/reports/curation-desktop.png': '9f97b71e191c64cae5e51d465d28c69ccc6a9526b0701f6d75579dc01ad809b5',
    'docs/plans/combined-workbench-local/reports/full-suite/docs/plans/curation-diagnostics/reports/curation-members-desktop.png': '9fe3f3ccc4e8cc6ed410ddcad18792e4651e435fcf78f919bf6aa4446cba473f',
    'docs/plans/combined-workbench-local/reports/full-suite/docs/plans/curation-diagnostics/reports/curation-members-narrow.png': 'a280e1e572fe7d324612db5ff7dd2c2185969b134226285985ba73f0b89db0d0',
    'docs/plans/combined-workbench-local/reports/full-suite/docs/plans/curation-diagnostics/reports/curation-narrow.png': 'cf51a3f5d9bb04b7a2c462dde2f22cdf816c8e71f18d88c572df3ca235fa9fa9',
    'docs/plans/combined-workbench-local/reports/full-suite/docs/plans/dataset-caption-integration/reports/caption-combined-01-folder-import-desktop.png': '0022aeeda6fd51e6a3b5fa9da164a3926bfaa658a7aabfc5fddbb1e07d7dcbf6',
    'docs/plans/combined-workbench-local/reports/full-suite/docs/plans/dataset-caption-integration/reports/caption-combined-01-folder-import-narrow.png': '8218ebd785e43f93fcbe4a6c64f479a953e51811718c3bfcb314916844e489dd',
    'docs/plans/combined-workbench-local/reports/full-suite/docs/plans/dataset-caption-integration/reports/caption-combined-02-draft-blocked-desktop.png': '932178c5cf28f78e52b6478a187c3a141bc8610a303792a180638902bd775c22',
    'docs/plans/combined-workbench-local/reports/full-suite/docs/plans/dataset-caption-integration/reports/caption-combined-02-draft-blocked-narrow.png': 'e8dea95f697ce5515ffa90b16447ab38dffa327a20d6e2644b1d105e9d7defa0',
    'docs/plans/combined-workbench-local/reports/full-suite/docs/plans/dataset-caption-integration/reports/caption-combined-03-caption-reviewed-desktop.png': 'deebecec6241c7aae7f50b0d5b65d25c74bd7d27099cb7f21bbce4b14c53e4b2',
    'docs/plans/combined-workbench-local/reports/full-suite/docs/plans/dataset-caption-integration/reports/caption-combined-03-caption-reviewed-narrow.png': '9b63830506a0e8cd44b5b01a8163c77067f0d7e727a0412e18f26211461e9fb7',
    'docs/plans/combined-workbench-local/reports/full-suite/docs/plans/dataset-caption-integration/reports/caption-combined-04-exact-filter-desktop.png': '1f84185112d09d338806888634790b88473fb3d95a9201491a87b68e4b6666e5',
    'docs/plans/combined-workbench-local/reports/full-suite/docs/plans/dataset-caption-integration/reports/caption-combined-04-exact-filter-narrow.png': 'e47ed076a4a4e5ca76a779e90d703d8b55bb9f1a9b1b4b66f7dd37648d4fb63d',
    'docs/plans/combined-workbench-local/reports/full-suite/docs/plans/dataset-caption-integration/reports/caption-combined-05-fixed-set-desktop.png': 'f0c1e3b23dacdf0b57c88527e36c85e114e898a883dbc5a7402270bef5381d62',
    'docs/plans/combined-workbench-local/reports/full-suite/docs/plans/dataset-caption-integration/reports/caption-combined-05-fixed-set-narrow.png': 'ffb1b6d48b9cc2c21a9bef655ca2dee250e97869ede7453eab9d7a82e7cb98b0',
    'docs/plans/combined-workbench-local/reports/full-suite/docs/plans/dataset-caption-integration/reports/caption-combined-06-release-preview-desktop.png': 'dd5d8b49a8b4675738b517cd6a8f92e23686fc6bcea7d1e07821992fbff7fea1',
    'docs/plans/combined-workbench-local/reports/full-suite/docs/plans/dataset-caption-integration/reports/caption-combined-06-release-preview-narrow.png': 'b1d74432d63e73c8440901eb2278fc01ddb0db9cde741a1a54040f4ce1c472ca',
    'docs/plans/combined-workbench-local/reports/full-suite/docs/plans/dataset-caption-integration/reports/caption-combined-07-download-desktop.png': 'f14e4c78ddeae9d40591a1c388ede9210ec71bacf820ed2849c4762bf753a3c3',
    'docs/plans/combined-workbench-local/reports/full-suite/docs/plans/dataset-caption-integration/reports/caption-combined-07-download-narrow.png': 'a1cdcf8c3be7c4e99c17f16e475c2eb211341f6204a162b3406a493926b3bede',
    'docs/plans/combined-workbench-local/reports/full-suite/docs/plans/dataset-caption-integration/reports/caption-combined-session.json': 'b11616ac5f93f81824fc43a836fbfaf025511c06b617b3a706c8881ed0c83fe1',
    'docs/plans/combined-workbench-local/reports/full-suite/docs/plans/dataset-integration/reports/integration-desktop.png': '45c3cba04247e4d16b84d88f415dea68749deeceb70aca5e9c1b38430609fd86',
    'docs/plans/combined-workbench-local/reports/full-suite/docs/plans/dataset-integration/reports/integration-narrow.png': 'd792e0ea9c9d0c7865cdc952d5e3b72f1363ba2e09bd3082b894fc7fe195b553',
    'docs/plans/combined-workbench-local/reports/full-suite/docs/plans/dataset-workflows/reports/workbench-desktop.png': '3f6a8409b1312be37c2e70134638d2231c0be0c0f147d58efffbbf22f075c4a8',
    'docs/plans/combined-workbench-local/reports/full-suite/docs/plans/dataset-workflows/reports/workbench-grounded.png': 'ad6af8c0104c9830572a3b817753c54057f23f4ec284a62ec44e20869c0cb623',
    'docs/plans/combined-workbench-local/reports/full-suite/docs/plans/dataset-workflows/reports/workbench-narrow.png': '20ba012e9602a2dbce74a3ce5e071e665f0907013b89dd7f2e93404d1d6c6635',
    'docs/plans/combined-workbench-local/reports/full-suite/docs/plans/explicit-metadata-filters/reports/filters-desktop.png': 'f0d857548cc5d66ae2ede09be2d7da174f85bc6888233acabf653334ddc582a0',
    'docs/plans/combined-workbench-local/reports/full-suite/docs/plans/explicit-metadata-filters/reports/filters-narrow.png': '10ddda1e2c057e869d5d4382ffd2c628632a50da5e4e9d7ff7fd5f9e4f8584e4',
    'docs/plans/combined-workbench-local/reports/full-suite/docs/plans/image-caption-exports/reports/captions-desktop.png': '2871576635a5535ec1e13739838caf669097837e2cc382afd603738c4be4c7cb',
    'docs/plans/combined-workbench-local/reports/full-suite/docs/plans/image-caption-exports/reports/captions-narrow.png': '2138cbaad8cc0be17f4acb23e93dde47f5f314d65b6395313fe97c9828060469',
    'docs/plans/combined-workbench-local/reports/full-suite/docs/plans/instruction-responses/reports/instruction-01-independent-answers-desktop.png': 'c16e0cce3917d7a33e21faee1f4c05f0c840c8acfc415c3b7cdba1618cf9b3da',
    'docs/plans/combined-workbench-local/reports/full-suite/docs/plans/instruction-responses/reports/instruction-01-independent-answers-narrow.png': '7dc64ac58a461a8d6b0db3a38fbc54c0e649cd3c5ebae8ddcc54f090536ff262',
    'docs/plans/combined-workbench-local/reports/full-suite/docs/plans/instruction-responses/reports/instruction-02-stale-fixed-selection-desktop.png': 'c4045a29664f9d00e10538bb0446ab05a6437e9c3ecaa6f92b6a16dddf38065d',
    'docs/plans/combined-workbench-local/reports/full-suite/docs/plans/instruction-responses/reports/instruction-02-stale-fixed-selection-narrow.png': '2665cd3222f2bc1edb37af201a5b5859f79d0e5d1d290899e7835bb420143cb0',
    'docs/plans/combined-workbench-local/reports/full-suite/docs/plans/instruction-responses/reports/instruction-03-weighted-preview-desktop.png': '9e54995095876811950757270c92b544c44ae512bdc000c1c8e4875a3f99f7ea',
    'docs/plans/combined-workbench-local/reports/full-suite/docs/plans/instruction-responses/reports/instruction-03-weighted-preview-narrow.png': 'abb9e44c228f2e7cb6c9c7f5ea945b2dd70222f216ef3cc71d26affcaea6c008',
    'docs/plans/combined-workbench-local/reports/full-suite/docs/plans/instruction-responses/reports/instruction-04-download-desktop.png': 'd7506e58418945c609a3ebf4be3d0d8285249d7e554dd95f53598e17be1cd4e0',
    'docs/plans/combined-workbench-local/reports/full-suite/docs/plans/instruction-responses/reports/instruction-04-download-narrow.png': '9f880c4eed0ded124dc3ca4ebb42887436a1a18de30f7cf630998b19af1d4615',
    'docs/plans/combined-workbench-local/reports/full-suite/docs/plans/instruction-responses/reports/instruction-downloaded.zip': 'a267627a306d22faadd8dfc79229b276b978114e892a89624e25c7d7ed0b87f3',
    'docs/plans/combined-workbench-local/reports/full-suite/docs/plans/instruction-responses/reports/instruction-session.json': '7c7f1c359a96d4f39ca51b36001da46d70711eea1c640285553cf5b07030ed15',
    'docs/plans/combined-workbench-local/reports/full-suite/docs/plans/native-text-classification-import/reports/native-text-desktop.png': '2a8ca9344960767e4a8d368dad6b3af369930f2a271c1312a1de83ead6177f3f',
    'docs/plans/combined-workbench-local/reports/full-suite/docs/plans/native-text-classification-import/reports/native-text-narrow.png': '7768d2cdc2a8513d21b9313dc7802217e3beb10faa0dc13d0538214314147831',
    'docs/plans/combined-workbench-local/reports/full-suite/docs/plans/rights-note-correction/reports/rights-desktop.png': '820b6f0fa1352615a82e1a3e141a225f02adad37ac26b419f48bd5da5d04ae20',
    'docs/plans/combined-workbench-local/reports/full-suite/docs/plans/rights-note-correction/reports/rights-narrow.png': '637fb091467c3a6083219918683640c18a1340d53f1e27feecc6e34ca1683382',
    'docs/plans/combined-workbench-local/reports/full-suite/docs/plans/saved-dataset-selections/reports/saved-desktop.png': 'f579ab243b793252583839257db0d18cfdaa61f1f7fe94dd37fc4f6c69f9addc',
    'docs/plans/combined-workbench-local/reports/full-suite/docs/plans/saved-dataset-selections/reports/saved-narrow.png': '722d4b6add5946f15a789cab54be58c40b4954ccdbd6eecde675cb27b9733ef5',
    'docs/plans/combined-workbench-local/reports/full-suite/docs/plans/saved-selection-intent/reports/intent-blocked.png': '00fa687099c875bb271ce9165a9afb4481c2961971503903c61f75acb152d30a',
    'docs/plans/combined-workbench-local/reports/full-suite/docs/plans/selected-release-preview/reports/preview-desktop.png': 'aed2e6e7dfc207ef1f9885524941d94d1797b84fd052ad14d7434f6f43321402',
    'docs/plans/combined-workbench-local/reports/full-suite/docs/plans/selected-release-preview/reports/preview-narrow.png': 'b73bb3024655d276c64e2c92968998b4b8dde7f1fc99cbd92a9b634b4f6a04d8',
    'docs/plans/combined-workbench-local/reports/gates/01.log': '98c630447dd9e7434c4d0141dd39da9b3b08048727dfa7b84931813dcf280867',
    'docs/plans/combined-workbench-local/reports/gates/02.log': 'e3b0c44298fc1c149afbf4c8996fb92427ae41e4649b934ca495991b7852b855',
    'docs/plans/combined-workbench-local/reports/gates/03.log': 'e3b0c44298fc1c149afbf4c8996fb92427ae41e4649b934ca495991b7852b855',
    'docs/plans/combined-workbench-local/reports/gates/04.log': 'e3b0c44298fc1c149afbf4c8996fb92427ae41e4649b934ca495991b7852b855',
    'docs/plans/combined-workbench-local/reports/gates/05.log': 'e3b0c44298fc1c149afbf4c8996fb92427ae41e4649b934ca495991b7852b855',
    'docs/plans/combined-workbench-local/reports/gates/06.log': 'e3b0c44298fc1c149afbf4c8996fb92427ae41e4649b934ca495991b7852b855',
    'docs/plans/combined-workbench-local/reports/gates/07.log': 'e3b0c44298fc1c149afbf4c8996fb92427ae41e4649b934ca495991b7852b855',
    'docs/plans/combined-workbench-local/reports/gates/08.log': 'e3b0c44298fc1c149afbf4c8996fb92427ae41e4649b934ca495991b7852b855',
    'docs/plans/combined-workbench-local/reports/gates/09.log': 'e3b0c44298fc1c149afbf4c8996fb92427ae41e4649b934ca495991b7852b855',
    'docs/plans/combined-workbench-local/reports/gates/10.log': 'e4005173e9a16864039a1959b1f544aae2e6b9942ddc442eb05488bbf1819f40',
    'docs/plans/combined-workbench-local/reports/gates/11.log': '261c7df53bd1fee0a3f2ee3763a0495c63ff38894292ffb5edaefc9533d2d420',
    'docs/plans/combined-workbench-local/reports/gates/12.log': '5857758e5789e3015458802d7e17c72a56d1ee5d3d09a2534ba3b9ce4fb07114',
    'docs/plans/combined-workbench-local/reports/gates/13.log': 'fd916ba6abe3f865e1c320fe149cc2f91185a4d57551976f3b2292cc4fbea0e6',
    'docs/plans/combined-workbench-local/reports/gates/14.log': '3dd0a5384055d747a2a8b0fcf331efd7684ce504e84a175debd29446cb38dac7',
    'docs/plans/combined-workbench-local/reports/gates/15.log': '3e0563561164771d1543857525d2510a6c270ebb51103dcf2e4363e01aa0ccbf',
    'docs/plans/combined-workbench-local/reports/gates/16.log': 'd3172e0c94b24ca478ec65772d7272ad58fc05f735a87ab5689c267b9b5ad0b6',
    'docs/plans/combined-workbench-local/reports/gates/17.log': '61b9242683445804ee8187e17ae26b78ca0280c5fd3c1362c9fa9fb7f8914601',
    'docs/plans/combined-workbench-local/reports/gates/18.log': '80f3568861ba8b2dae7e36ef4a886737f3291dbaa52415c74dc5b1dea91764e3',
    'docs/plans/combined-workbench-local/reports/gates/19.log': '51532a9e7ebdaf365eb0f4a7d6bbd8328e52eb607105e2b336fbb74c3450ded9',
    'docs/plans/combined-workbench-local/reports/gates/20.log': '6ead1728855903672b5ad0d8b9ad83b2a4c4cf6ec4a65cee3cac1ef287d1e5a7',
    'docs/plans/combined-workbench-local/reports/gates/21.log': 'e1f32ef81d925766ba22af365bae9955a95509fcc9df85686c112dd8398c4e50',
    'docs/plans/combined-workbench-local/reports/gates/22.log': 'e339a34c6a8b90c86b0cafe74295c8db4d7ff1b51a578220a108f1ff9d092ffa',
    'docs/plans/combined-workbench-local/reports/gates/23.log': 'af01c5077ea49d6d1dbfd3a84e06da7651f76da67adf46499046e2c8bec58ef7',
    'docs/plans/combined-workbench-local/reports/gates/24.log': 'c32c7d66649be9e8ae8d94d1ad24d1c61aed2e622327a7048755e2de755939d6',
    'docs/plans/combined-workbench-local/reports/gates/25.log': 'bea6b7b21296d26ea5b20efec74e95559702fe797feff7edf4b5ce85e3431c63',
    'docs/plans/combined-workbench-local/reports/gates/26.log': 'b0807818173a5da6e567addf017d2a4740178a3f1b96f2d558e44fadcfc87730',
    'docs/plans/combined-workbench-local/reports/gates/27.log': '93327868019bb89ac45b1404a0fe199a8b8dba9cfdc922d9d12d9c492d1c9202',
    'docs/plans/combined-workbench-local/reports/gates/28.log': '324e0a07a9037f1cce0f99a06ba2dd321049def5b54240904c813f3bd6421a5d',
    'docs/plans/combined-workbench-local/reports/gates/29.log': '6ed5c0dc1044e68eabdabcf43b0c71b66e4bb0f5b0812109d9aca1480523a0a7',
    'docs/plans/combined-workbench-local/reports/gates/30.log': 'b627a1dbc79d6e37091f7d9e9e3267523921925f229ce73b903e990823eb7b18',
    'docs/plans/combined-workbench-local/reports/gates/31.log': 'c1102a8ac4d8dc89259cebbe9e7113ce54f899f12e25244f34cea6369a12cf82',
    'docs/plans/combined-workbench-local/reports/gates/32.log': '73626f797b47fdcd20b8d0d35b6d3fbe61ab68b21b8208e5cf63942f3a168cbf',
    'docs/plans/combined-workbench-local/reports/gates/33.log': 'be268e29c3010ec03b0fd02c251d8d59ca48120767cbe16eeee37289224286bb',
    'docs/plans/combined-workbench-local/reports/gates/34.log': '615b5552d1b73240413cbefea02234b116681926a604642da16f6403f73682a6',
    'docs/plans/combined-workbench-local/reports/gates/35.log': 'cccf73dddb0bea3094a9c20bc491689ccdb11eefaa3f5e9ec4047974f27fc0fc',
    'docs/plans/combined-workbench-local/reports/gates/36.log': 'c42db34bcf95d5af0af27ede7a0519478af5900016c5bcf7c2fa8949e2969b41',
    'docs/plans/combined-workbench-local/reports/gates/37.log': '178b51c4f633adc770185eb1cfd7b8a6d58e81d878b71cf902eeabf42400b611',
    'docs/plans/combined-workbench-local/reports/gates/38.log': '50c096e01ea7d45018145123b2f9f32768ca74d3e2cb8f0e2193056986590b95',
    'docs/plans/combined-workbench-local/reports/gates/39.log': '248f535cbc4d353ea0506242965c5b45eca8d7e52e23e8737911a0abea3d388c',
    'docs/plans/combined-workbench-local/reports/gates/results.json': 'ee03ffec0365f75d10380f12f5685d7e41af8131642a6330f280f5db71b3e0ec',
    'docs/plans/combined-workbench-local/reports/gates/source.json': 'a4df86ce90e740df56ea59529c447872d7359b0c3047949d4829b3b059eb7f56',
    'docs/plans/combined-workbench-local/reports/preserved-refs.json': '31ec16ea8a7253cdc18b809dd110eb28adfcb4e3a66f927a88847ebb7d81cf7c',
    'docs/plans/combined-workbench-local/reports/prior-traces/capture-geometry-browser.log': 'd74e49746a8211b6745ca7e54170a10b9f81c327c3de38b2274e95772bb0cd43',
    'docs/plans/combined-workbench-local/reports/prior-traces/capture-layout-browser.log': '0d5f46f0b919810d47f69394a08f6ce8af79dbc7fcfdb499646f019fb5babdf2',
    'docs/plans/combined-workbench-local/reports/prior-traces/focused-browser.log': 'c47ec5ec4e10baa999e8321ff171a4b31670a73b1fc33cbf353a8df6fc65029f',
    'docs/plans/combined-workbench-local/reports/prior-traces/focused-http.log': 'f0b88a804f9ace00c03a63a29573d6e71b3198805a6b3f812b69fe938b3c622d',
    'docs/plans/combined-workbench-local/reports/prior-traces/native-navigation-after-barrier.log': 'ea6c74132175c7afd3efc8ac3a8d60c912cf1b2da0b94f1182e876de43f60629',
    'docs/plans/combined-workbench-local/reports/prior-traces/native-navigation-before-barrier.log': '248cfa34b0ef12962d00201adcb12eec5cb0a9796a9a54831af2d6767336fb52',
    'docs/plans/combined-workbench-local/reports/prior-traces/pre-barrier-browser.log': 'f3ee8aac5405b9ba472e097156549832a86f2f32df9f695344f9a56c60416d54',
    'docs/plans/combined-workbench-local/reports/prior-traces/pre-explicit-reopen-browser.log': 'a61bfb38ed2dd7b13672959e232c87d38cddec9d28299b4163e50811444f2e3b',
    'docs/plans/combined-workbench-local/reports/prior-traces/red-controller.log': 'b6d833ccba1859b36964282238ede92e60734597ab12e3ef64bf756c090af045',
    'docs/plans/combined-workbench-local/reports/verification.md': '6839fec832745b2c61a6d3bb9b91d98a6c47d26a9dcf64c8d0f0494c1a8f07ca',
    'docs/plans/curation-diagnostics/reports/curation-desktop.png': '5b147dfeb5a6b28ef9ae646f05e893eb17253fa5a5e66a3a8bf67ec694d7c348',
    'docs/plans/curation-diagnostics/reports/curation-members-desktop.png': 'c7e05b3b3b31c2c5312fc8cc7084e53c6e4c03feff69eedf16842dc53fdb6a5e',
    'docs/plans/curation-diagnostics/reports/curation-members-narrow.png': 'fbb2935a937430ae865ba8d8901d8c62ff8d3f1b81188df3f0b32d5d30550e56',
    'docs/plans/curation-diagnostics/reports/curation-narrow.png': 'b34ea721d1301fe8e782460453e7e62a7458dda4126699ba18073ea9032eda28',
    'docs/plans/curation-diagnostics/reports/evidence.json': 'b58d84fa1d3778964f22e7d21614e52327eb93eee49920f66155b88abd12f927',
    'docs/plans/curation-diagnostics/reports/review-scaling-repair.md': '72b9c39f601e8dc8c2e5aa4962386d6842677fdbec4e43e5917cb1611972b644',
    'docs/plans/curation-diagnostics/reports/runtime-inventory.json': '1e16609ed8916856aa416968685a7e46338da9addb0e99e848e484cdfa645fed',
    'docs/plans/curation-diagnostics/reports/verification.md': '8028e3371e37696c9b3726d086ad72d9bd5b046990be1872f86387391fafa977',
    'docs/plans/dataset-caption-integration/reports/caption-combined-01-folder-import-desktop.png': '46266e8ae43e28cd5854b041172989d58c001ec19d94e02141f2d520b2785b16',
    'docs/plans/dataset-caption-integration/reports/caption-combined-01-folder-import-narrow.png': '6e36b98c89b4d2b28d6bf0bd6848466e739aece478d339b3c9c30f96ea26c568',
    'docs/plans/dataset-caption-integration/reports/caption-combined-02-draft-blocked-desktop.png': 'b115b795c2d8b1ab40b31ef4f0ba21a3a8b58cc7636604bf201ad6d31cbc8fd3',
    'docs/plans/dataset-caption-integration/reports/caption-combined-02-draft-blocked-narrow.png': '51743a7b60778b13cebab6b63bac9cbe1206c7866fb785dba32ba3678391ff49',
    'docs/plans/dataset-caption-integration/reports/caption-combined-03-caption-reviewed-desktop.png': '2953ec5ab741dadabed84e4061ae58bc9a75413a4954badf54e3118e51e9e8e1',
    'docs/plans/dataset-caption-integration/reports/caption-combined-03-caption-reviewed-narrow.png': '3ae3bfcbe25d29a5d61538b5c804ee11dc04a9fba78ee2c0ed34f7bf8d2054e8',
    'docs/plans/dataset-caption-integration/reports/caption-combined-04-exact-filter-desktop.png': 'be781ddc82be0526e3062c54c1a5c3a683e96433fb85bff2f013613335e0c818',
    'docs/plans/dataset-caption-integration/reports/caption-combined-04-exact-filter-narrow.png': 'fedb9bccd02f64414017aa98de31c0593b24a02b94803642d68404e8f5452d92',
    'docs/plans/dataset-caption-integration/reports/caption-combined-05-fixed-set-desktop.png': '6b0d4792ede760f4a491600ef8874f12e595116172ec9f6eee8529f2d478c0af',
    'docs/plans/dataset-caption-integration/reports/caption-combined-05-fixed-set-narrow.png': 'b33b4caa96d1998dd6b5d2a9fe3e55483069881655d80263b7c152a11262a731',
    'docs/plans/dataset-caption-integration/reports/caption-combined-06-release-preview-desktop.png': '2a15186f8f9ebc24031068dcb1687d9f68311d596c4b8e2851acbbd986c40448',
    'docs/plans/dataset-caption-integration/reports/caption-combined-06-release-preview-narrow.png': '9a31532a6426e96132bbf1d0a1896f4242f0e75e396e563cb7b98b7ee791124f',
    'docs/plans/dataset-caption-integration/reports/caption-combined-07-download-desktop.png': '9e5b4add22d9610fffde9d77bb6279989fbdbfa9ed9be844e17eabc3eb9ba98f',
    'docs/plans/dataset-caption-integration/reports/caption-combined-07-download-narrow.png': 'c60be0432dc2ad360997ff23c67caf3e8a3e0851df79905b7f05c9994c7bf651',
    'docs/plans/dataset-caption-integration/reports/caption-combined-session.json': '45288debce51388212f0d4b8e6036e21c80c659117ea6c5a84910a8b1ebc8bcb',
    'docs/plans/dataset-caption-integration/reports/gallery.html': 'b2ff04b41298b04863e728d256daca7752f94a5405898590f362ac47834781e9',
    'docs/plans/dataset-caption-integration/reports/pr10-ci-startup.md': '1a88262ff4dcabc47a08bec85256215ecac6ded12373223e965e4a1a604a2ee6',
    'docs/plans/dataset-caption-integration/reports/source-and-gates.json': '1c24f2dc64e72c4efc15fcb9357f82679b43caa739c20efaa2b9d6f7c454f476',
    'docs/plans/dataset-caption-integration/reports/verification.md': '6ff16d2886c955e6141594d3c6025ad7b1cadeb24c35841a107a33315df016f9',
    'docs/plans/dataset-integration/reports/integration-desktop.png': '067669f4e7fc8a877d0d4f61ba6db78774a14597d382bf2308602b099c2cc9b0',
    'docs/plans/dataset-integration/reports/integration-narrow.png': 'b74c710bdbbe8d874beee3c8bdb80f225efa2f9716934f33c998b65b747275f2',
    'docs/plans/dataset-integration/reports/verification.md': '370aee9893de8d034befff52bfacfcca4f92d489b0dbd01d1b2797a2d02109a4',
    'docs/plans/dataset-workflows/reports/discovery.html': '4c7f1d135c01a23f5d38bc751310850774806a840f1bce11d9ce02af46168f17',
    'docs/plans/explicit-metadata-filters/reports/filters-desktop.png': 'e9574406a354a1b374ab4b9b311b2c6626c4cac86253eca46320005b7ba2c9a9',
    'docs/plans/explicit-metadata-filters/reports/filters-narrow.png': 'd6b404a225748a26be0fbcb9f00f4d2b86569ed6281596cc2303dbb56d8f5d63',
    'docs/plans/explicit-metadata-filters/reports/line-endings.md': 'a213325fee746bcc36551f5b1e08d4c41a85d8f0befaf718c6ba4c296aeb5e41',
    'docs/plans/explicit-metadata-filters/reports/surrogates.md': '7d1f2d75e33ff6d85a40e1b24111f44e1cd230c1f087443d1caebee88d5b8cd5',
    'docs/plans/explicit-metadata-filters/reports/verification.md': 'a52d9f7d63b0f4c523d84724f97306b2718751e2b9570d89966f96eaab1664ea',
    'docs/plans/grounded-text-candidates/reports/real-pumas-smoke.md': '4735ab4df3eb762b080a44a38755eecda3387d8e98472a3c06d66dc1b83a264f',
    'docs/plans/image-caption-exports/reports/grounded-reopen-ci-failure.md': 'b708b2d94d085bf0d4e67acb18e076aa30463b171aab14c42611f1542cf037af',
    'docs/plans/instruction-responses/reports/verification.md': 'b72c8930e57ef2a98f0df87f7274301ebe1b2a5216263954fa00304a78832092',
    'docs/plans/native-text-classification-import/reports/browser-startup-absolute-deadline.md': 'c6db04956165fc7afa672351676f40afff71b633b7ff4bf171cecc81b05b1689',
    'docs/plans/native-text-classification-import/reports/browser-startup-budget.md': '8dec056a96067e61e223459098de8efe71dd113e248f6f20d72ad4b7c6fec6d5',
    'docs/plans/native-text-classification-import/reports/native-text-desktop.png': '657ed18fe650f97e6ae8c165ccc741c302414cf5a1854379e9b8fa8d87d595a6',
    'docs/plans/native-text-classification-import/reports/native-text-narrow.png': '6d8e6ab53dc55d04209cea93916da376bfc47f158a779afa174112638ba38fbc',
    'docs/plans/native-text-classification-import/reports/provenance-row-errors.md': '749465806f78a670923a84c2416440543d887e7db7d79a7062402cc0908e27e9',
    'docs/plans/native-text-classification-import/reports/qualification.md': 'eaa82e5e6fac2e4196904b72f938a1db60acde7966c1532427efe7a453a71317',
    'docs/plans/rights-note-correction/reports/accepted-target-merge.md': 'b4a91b9f5c3e20d4f7e1d0ec030201b081b2060b0490bd4601205210e4e66461',
    'docs/plans/rights-note-correction/reports/evidence.json': '53cc8e827831e8b0574767acfecb7e2c70f54583ab47427181eeb149009cd1ef',
    'docs/plans/rights-note-correction/reports/rights-desktop.png': '05b42beef3020d95d510ef62b9f50df4151cc56525bfa66dc9701abab027f503',
    'docs/plans/rights-note-correction/reports/rights-narrow.png': 'd446356de33a05a6ded5dc5543c8bdfc078e3a0a36f21e4c481a3f5505739dd4',
    'docs/plans/rights-note-correction/reports/stale-export-test-synchronization.md': 'f191b643578c6d480e106d3d1cae7439661084530642dcfcb2f608ba6a353cd6',
    'docs/plans/rights-note-correction/reports/verification.md': '48dfbc4a7462b3e30e4f5d21f1978fff48adf4cd37adc46f540d3e1ce86559ed',
    'docs/plans/saved-dataset-selections/reports/saved-desktop.png': '87e8288e24cae06e42788d8503d92e6d3afdecfc137335cf7a4306740f87c9e6',
    'docs/plans/saved-dataset-selections/reports/saved-narrow.png': 'c933b998083c19b52fdc8e180c795f891ba202093de283cd8259c50b6c2e74e7',
    'docs/plans/saved-dataset-selections/reports/verification.md': '158139c50cabab088f356896a089391fdad1432349db3a4c95cced496fec9927',
    'docs/plans/saved-selection-intent/reports/cached-preview.md': 'e3c24d1c9a8dcc04c58d773268cfc69b8be8da5663b999dfe00952a20f2742fa',
    'docs/plans/saved-selection-intent/reports/intent-blocked.png': 'e8ef46bd6819c031e3f9f49b20b56284d79eddd8faeeda122056f36d8b290c9e',
    'docs/plans/saved-selection-intent/reports/verification.md': '9717f51def2a05508b2582575b91bf968228983bf99cd52df104c1383b054436',
    'docs/plans/selected-release-preview/reports/queued-api-contract.md': '36e1a9fe99e43a72edede16fb12fa6437961e5ca1a7dd37ba022b4fe24173e4b',
    'docs/plans/selected-release-preview/reports/saved-generation-compatibility.md': '7a92dec4969cbc4bd4743e6b6d90d96e9e74aa246a408e5e481376d91e37edb6',
    'docs/plans/selected-release-preview/reports/verification.md': 'fc81f2feb617aec9c662064592e4435ce41c36d38c9a6a9131f83e76a8267cfe',
    'docs/plans/workbench-parent-owner-fix/reports/artifact-manifest.json': 'fdff3cfa99432dfa013c119e50786e94e722b63ed6ba5ececc3bb2afbfd1206b',
    'docs/plans/workbench-parent-owner-fix/reports/combined-01-curation-draft-desktop.png': '51a132f4dc6d3087bafda3cf26f60df11738c5bbda94196f2627223282a9cd7e',
    'docs/plans/workbench-parent-owner-fix/reports/combined-01-curation-draft-narrow.png': '1ac12fa6b7d193478d890c8ab69a3a2e3d38d500774a367f0762ade57efc41fe',
    'docs/plans/workbench-parent-owner-fix/reports/combined-02-native-draft-desktop.png': 'a70a00a3689bae7668455d70fadd389c68b97ff8e7cacef6d3654c90cb4ba431',
    'docs/plans/workbench-parent-owner-fix/reports/combined-02-native-draft-narrow.png': '5d9987b8201df9c68999d6e3a22a21b06fb2d62e368f1c877e41cf361b2f094a',
    'docs/plans/workbench-parent-owner-fix/reports/combined-03-frozen-selection-desktop.png': 'a71d63cf5483f00cf22143f963cdb3cc594c6489dd6ec5fa8d4a8352b46eba54',
    'docs/plans/workbench-parent-owner-fix/reports/combined-03-frozen-selection-narrow.png': '93fd486f71211bf563d1d2785ecc5815ed15629f389545650a99eacd42a267e6',
    'docs/plans/workbench-parent-owner-fix/reports/combined-canonical-downloaded.zip': '9309d2978a838e32345e3034f57b5f939e5ae9b01c72c1786a0dd7202513501d',
    'docs/plans/workbench-parent-owner-fix/reports/combined-instruction-downloaded.zip': '4033489569d53fe4fdbc7cff35041e6cb0af45764c6691fa6ced364f029ce31a',
    'docs/plans/workbench-parent-owner-fix/reports/combined-session.json': 'fb8bd3979e5c94294dfe76f9bc4fac2e52a97271949f39b1cae14e8fc345d17c',
    'docs/plans/workbench-parent-owner-fix/reports/full-suite-artifacts.json': '360e0734d7d072125ef1916d84a8e1fd883231bacacbc301097eab8cfc0f5aea',
    'docs/plans/workbench-parent-owner-fix/reports/full-suite/docs/plans/annotated-caption-import/reports/caption-import-desktop.png': '4b3910cf11f55d19fcaf73f32b3334bf4c88b0cdc206a88716cbca24c294e687',
    'docs/plans/workbench-parent-owner-fix/reports/full-suite/docs/plans/annotated-caption-import/reports/caption-import-narrow.png': 'a8afb4f8709bb9729f3ee286c9a9cd1123be9dec1ce4be3cc881386d9351635d',
    'docs/plans/workbench-parent-owner-fix/reports/full-suite/docs/plans/bulk-real-import/reports/bulk-desktop.png': '5f85ab7b3a73a79bff00c6ffc0ad1e728a91cc2d8e960c7f6be7cae46847f7ba',
    'docs/plans/workbench-parent-owner-fix/reports/full-suite/docs/plans/bulk-real-import/reports/bulk-narrow.png': '683e2f07742843ef0d70528dea9d60acb2cdb8f8eaf4256756454d933a4e857a',
    'docs/plans/workbench-parent-owner-fix/reports/full-suite/docs/plans/curation-diagnostics/reports/curation-desktop.png': '26d852d2cbee33792781abced1014efc71925b0fc763199c5c2d36d7b9890a2b',
    'docs/plans/workbench-parent-owner-fix/reports/full-suite/docs/plans/curation-diagnostics/reports/curation-members-desktop.png': '0c9b7fa11e1695129d64df3bf50fdaca86b3703e1f653464bfe0dcedbe803fea',
    'docs/plans/workbench-parent-owner-fix/reports/full-suite/docs/plans/curation-diagnostics/reports/curation-members-narrow.png': 'da6e848b7517f0cc2b8a4d86c853ff13a2eee745f3f69744cf3267f5bd041e27',
    'docs/plans/workbench-parent-owner-fix/reports/full-suite/docs/plans/curation-diagnostics/reports/curation-narrow.png': '255f5fd12131db52a32a0b53d675aaec7c7ed6a8f80989f5b1401f4d66e4c68e',
    'docs/plans/workbench-parent-owner-fix/reports/full-suite/docs/plans/dataset-caption-integration/reports/caption-combined-01-folder-import-desktop.png': 'd9d23dce766f28894b87c97b22bb4c569d1555f9fba42ff4be9a0cbc3616905f',
    'docs/plans/workbench-parent-owner-fix/reports/full-suite/docs/plans/dataset-caption-integration/reports/caption-combined-01-folder-import-narrow.png': '252892fdc045e301542e1dccfb002bfa1ec7a67c90b4205d1eefca035353c160',
    'docs/plans/workbench-parent-owner-fix/reports/full-suite/docs/plans/dataset-caption-integration/reports/caption-combined-02-draft-blocked-desktop.png': 'fc9af98def48ff3dd49fe4113154d136f9eafcd2d870a07f623557e36b3200d8',
    'docs/plans/workbench-parent-owner-fix/reports/full-suite/docs/plans/dataset-caption-integration/reports/caption-combined-02-draft-blocked-narrow.png': '0d0a4acfd7200df225102a2d74a9097dfed568a017635792c4aa991c559730a7',
    'docs/plans/workbench-parent-owner-fix/reports/full-suite/docs/plans/dataset-caption-integration/reports/caption-combined-03-caption-reviewed-desktop.png': '3c8a7f489ff49b49ecd03b0787594d63e3c0a9b486e7df9fff12aae39a5e176b',
    'docs/plans/workbench-parent-owner-fix/reports/full-suite/docs/plans/dataset-caption-integration/reports/caption-combined-03-caption-reviewed-narrow.png': '9b63830506a0e8cd44b5b01a8163c77067f0d7e727a0412e18f26211461e9fb7',
    'docs/plans/workbench-parent-owner-fix/reports/full-suite/docs/plans/dataset-caption-integration/reports/caption-combined-04-exact-filter-desktop.png': '1f84185112d09d338806888634790b88473fb3d95a9201491a87b68e4b6666e5',
    'docs/plans/workbench-parent-owner-fix/reports/full-suite/docs/plans/dataset-caption-integration/reports/caption-combined-04-exact-filter-narrow.png': 'e47ed076a4a4e5ca76a779e90d703d8b55bb9f1a9b1b4b66f7dd37648d4fb63d',
    'docs/plans/workbench-parent-owner-fix/reports/full-suite/docs/plans/dataset-caption-integration/reports/caption-combined-05-fixed-set-desktop.png': 'e11da840f369bfe94c38d2445dfee179bf99a92c8c5a87f0ed4381f5de4950dd',
    'docs/plans/workbench-parent-owner-fix/reports/full-suite/docs/plans/dataset-caption-integration/reports/caption-combined-05-fixed-set-narrow.png': 'ffb1b6d48b9cc2c21a9bef655ca2dee250e97869ede7453eab9d7a82e7cb98b0',
    'docs/plans/workbench-parent-owner-fix/reports/full-suite/docs/plans/dataset-caption-integration/reports/caption-combined-06-release-preview-desktop.png': 'dd5d8b49a8b4675738b517cd6a8f92e23686fc6bcea7d1e07821992fbff7fea1',
    'docs/plans/workbench-parent-owner-fix/reports/full-suite/docs/plans/dataset-caption-integration/reports/caption-combined-06-release-preview-narrow.png': 'b1d74432d63e73c8440901eb2278fc01ddb0db9cde741a1a54040f4ce1c472ca',
    'docs/plans/workbench-parent-owner-fix/reports/full-suite/docs/plans/dataset-caption-integration/reports/caption-combined-07-download-desktop.png': 'f14e4c78ddeae9d40591a1c388ede9210ec71bacf820ed2849c4762bf753a3c3',
    'docs/plans/workbench-parent-owner-fix/reports/full-suite/docs/plans/dataset-caption-integration/reports/caption-combined-07-download-narrow.png': '1adcb9c290ecf0259b19f2d9d1e15a6421d5fa74bc5d8b350f1a945473a88dc7',
    'docs/plans/workbench-parent-owner-fix/reports/full-suite/docs/plans/dataset-caption-integration/reports/caption-combined-session.json': '5207eb9710be2878f8fde2550a34d053e3555f685491c6fbe0c458b68cbb17e1',
    'docs/plans/workbench-parent-owner-fix/reports/full-suite/docs/plans/dataset-integration/reports/integration-desktop.png': '21f1876cad96542d9a0fa1f762c2506603f04c6f8da0d633b90eee830adbb25b',
    'docs/plans/workbench-parent-owner-fix/reports/full-suite/docs/plans/dataset-integration/reports/integration-narrow.png': 'd792e0ea9c9d0c7865cdc952d5e3b72f1363ba2e09bd3082b894fc7fe195b553',
    'docs/plans/workbench-parent-owner-fix/reports/full-suite/docs/plans/dataset-workflows/reports/workbench-desktop.png': '3f6a8409b1312be37c2e70134638d2231c0be0c0f147d58efffbbf22f075c4a8',
    'docs/plans/workbench-parent-owner-fix/reports/full-suite/docs/plans/dataset-workflows/reports/workbench-grounded.png': 'ad6af8c0104c9830572a3b817753c54057f23f4ec284a62ec44e20869c0cb623',
    'docs/plans/workbench-parent-owner-fix/reports/full-suite/docs/plans/dataset-workflows/reports/workbench-narrow.png': '20ba012e9602a2dbce74a3ce5e071e665f0907013b89dd7f2e93404d1d6c6635',
    'docs/plans/workbench-parent-owner-fix/reports/full-suite/docs/plans/explicit-metadata-filters/reports/filters-desktop.png': '06137421af2afc728e407b7b30b6c8b6f82582ffd0d91de6a05df887b3ccd508',
    'docs/plans/workbench-parent-owner-fix/reports/full-suite/docs/plans/explicit-metadata-filters/reports/filters-narrow.png': '10ddda1e2c057e869d5d4382ffd2c628632a50da5e4e9d7ff7fd5f9e4f8584e4',
    'docs/plans/workbench-parent-owner-fix/reports/full-suite/docs/plans/image-caption-exports/reports/captions-desktop.png': '2871576635a5535ec1e13739838caf669097837e2cc382afd603738c4be4c7cb',
    'docs/plans/workbench-parent-owner-fix/reports/full-suite/docs/plans/image-caption-exports/reports/captions-narrow.png': '2138cbaad8cc0be17f4acb23e93dde47f5f314d65b6395313fe97c9828060469',
    'docs/plans/workbench-parent-owner-fix/reports/full-suite/docs/plans/instruction-responses/reports/instruction-01-independent-answers-desktop.png': 'c16e0cce3917d7a33e21faee1f4c05f0c840c8acfc415c3b7cdba1618cf9b3da',
    'docs/plans/workbench-parent-owner-fix/reports/full-suite/docs/plans/instruction-responses/reports/instruction-01-independent-answers-narrow.png': '7dc64ac58a461a8d6b0db3a38fbc54c0e649cd3c5ebae8ddcc54f090536ff262',
    'docs/plans/workbench-parent-owner-fix/reports/full-suite/docs/plans/instruction-responses/reports/instruction-02-stale-fixed-selection-desktop.png': '61c72c1fff6dd27a4ca048d4114a5fb9a2b53857612ebe041e754ce51972daf2',
    'docs/plans/workbench-parent-owner-fix/reports/full-suite/docs/plans/instruction-responses/reports/instruction-02-stale-fixed-selection-narrow.png': 'f3e74ce3f4ec0ddc9b11667938cd78df0d7a610da5957e43741c7c5712f14c7d',
    'docs/plans/workbench-parent-owner-fix/reports/full-suite/docs/plans/instruction-responses/reports/instruction-03-weighted-preview-desktop.png': '68597e4c948af4c278b52d6aa2ef943dc6b7fd834705bacbbcfa5fa7f1e792b7',
    'docs/plans/workbench-parent-owner-fix/reports/full-suite/docs/plans/instruction-responses/reports/instruction-03-weighted-preview-narrow.png': 'e559dcb88ab4675ef137faf56a400881ca492f5d50ffd2265a795ec66c46ecbb',
    'docs/plans/workbench-parent-owner-fix/reports/full-suite/docs/plans/instruction-responses/reports/instruction-04-download-desktop.png': 'bfc11fd4abe6bbec9a7047db1bd87c5e45e699e9eec6b5760e9d7f84238ce65e',
    'docs/plans/workbench-parent-owner-fix/reports/full-suite/docs/plans/instruction-responses/reports/instruction-04-download-narrow.png': '2444551f3d53682fbb3baf31cbbc3f819d779b62c809a7ad17b7b6f359023702',
    'docs/plans/workbench-parent-owner-fix/reports/full-suite/docs/plans/instruction-responses/reports/instruction-downloaded.zip': 'cbcbf8402973aec46c4f9e406a41b530ed65b2effa6833c9dcfde368c467c647',
    'docs/plans/workbench-parent-owner-fix/reports/full-suite/docs/plans/instruction-responses/reports/instruction-session.json': '9e9690381d69dc2c7a988d0f959818c1c79ce0769110a76c4ee99607f95ee79e',
    'docs/plans/workbench-parent-owner-fix/reports/full-suite/docs/plans/native-text-classification-import/reports/native-text-desktop.png': '2a8ca9344960767e4a8d368dad6b3af369930f2a271c1312a1de83ead6177f3f',
    'docs/plans/workbench-parent-owner-fix/reports/full-suite/docs/plans/native-text-classification-import/reports/native-text-narrow.png': '7768d2cdc2a8513d21b9313dc7802217e3beb10faa0dc13d0538214314147831',
    'docs/plans/workbench-parent-owner-fix/reports/full-suite/docs/plans/rights-note-correction/reports/rights-desktop.png': '820b6f0fa1352615a82e1a3e141a225f02adad37ac26b419f48bd5da5d04ae20',
    'docs/plans/workbench-parent-owner-fix/reports/full-suite/docs/plans/rights-note-correction/reports/rights-narrow.png': '637fb091467c3a6083219918683640c18a1340d53f1e27feecc6e34ca1683382',
    'docs/plans/workbench-parent-owner-fix/reports/full-suite/docs/plans/saved-dataset-selections/reports/saved-desktop.png': '0ca2fc10e6f027473d19cd2872f5dbe15812a7061847485e4eed121f774a078d',
    'docs/plans/workbench-parent-owner-fix/reports/full-suite/docs/plans/saved-dataset-selections/reports/saved-narrow.png': '3a9d76561f33b80308cff8b3eb95b0384ef03ebf2bcf004b137c5f257ace66fe',
    'docs/plans/workbench-parent-owner-fix/reports/full-suite/docs/plans/saved-selection-intent/reports/intent-blocked.png': '00fa687099c875bb271ce9165a9afb4481c2961971503903c61f75acb152d30a',
    'docs/plans/workbench-parent-owner-fix/reports/full-suite/docs/plans/selected-release-preview/reports/preview-desktop.png': 'aed2e6e7dfc207ef1f9885524941d94d1797b84fd052ad14d7434f6f43321402',
    'docs/plans/workbench-parent-owner-fix/reports/full-suite/docs/plans/selected-release-preview/reports/preview-narrow.png': 'b73bb3024655d276c64e2c92968998b4b8dde7f1fc99cbd92a9b634b4f6a04d8',
    'docs/plans/workbench-parent-owner-fix/reports/gates/01.log': 'cdf742cb068a2d69a4896039877cb6a6ac24c17814f1417e2e2fec7c8f3cdae7',
    'docs/plans/workbench-parent-owner-fix/reports/gates/02.log': 'e3b0c44298fc1c149afbf4c8996fb92427ae41e4649b934ca495991b7852b855',
    'docs/plans/workbench-parent-owner-fix/reports/gates/03.log': 'e3b0c44298fc1c149afbf4c8996fb92427ae41e4649b934ca495991b7852b855',
    'docs/plans/workbench-parent-owner-fix/reports/gates/04.log': 'e3b0c44298fc1c149afbf4c8996fb92427ae41e4649b934ca495991b7852b855',
    'docs/plans/workbench-parent-owner-fix/reports/gates/05.log': 'e3b0c44298fc1c149afbf4c8996fb92427ae41e4649b934ca495991b7852b855',
    'docs/plans/workbench-parent-owner-fix/reports/gates/06.log': 'e3b0c44298fc1c149afbf4c8996fb92427ae41e4649b934ca495991b7852b855',
    'docs/plans/workbench-parent-owner-fix/reports/gates/07.log': 'e3b0c44298fc1c149afbf4c8996fb92427ae41e4649b934ca495991b7852b855',
    'docs/plans/workbench-parent-owner-fix/reports/gates/08.log': 'e3b0c44298fc1c149afbf4c8996fb92427ae41e4649b934ca495991b7852b855',
    'docs/plans/workbench-parent-owner-fix/reports/gates/09.log': 'e3b0c44298fc1c149afbf4c8996fb92427ae41e4649b934ca495991b7852b855',
    'docs/plans/workbench-parent-owner-fix/reports/gates/10.log': 'e4005173e9a16864039a1959b1f544aae2e6b9942ddc442eb05488bbf1819f40',
    'docs/plans/workbench-parent-owner-fix/reports/gates/11.log': '261c7df53bd1fee0a3f2ee3763a0495c63ff38894292ffb5edaefc9533d2d420',
    'docs/plans/workbench-parent-owner-fix/reports/gates/12.log': '5857758e5789e3015458802d7e17c72a56d1ee5d3d09a2534ba3b9ce4fb07114',
    'docs/plans/workbench-parent-owner-fix/reports/gates/13.log': 'fd916ba6abe3f865e1c320fe149cc2f91185a4d57551976f3b2292cc4fbea0e6',
    'docs/plans/workbench-parent-owner-fix/reports/gates/14.log': '3dd0a5384055d747a2a8b0fcf331efd7684ce504e84a175debd29446cb38dac7',
    'docs/plans/workbench-parent-owner-fix/reports/gates/15.log': '3e0563561164771d1543857525d2510a6c270ebb51103dcf2e4363e01aa0ccbf',
    'docs/plans/workbench-parent-owner-fix/reports/gates/16.log': 'd3172e0c94b24ca478ec65772d7272ad58fc05f735a87ab5689c267b9b5ad0b6',
    'docs/plans/workbench-parent-owner-fix/reports/gates/17.log': '61b9242683445804ee8187e17ae26b78ca0280c5fd3c1362c9fa9fb7f8914601',
    'docs/plans/workbench-parent-owner-fix/reports/gates/18.log': '80f3568861ba8b2dae7e36ef4a886737f3291dbaa52415c74dc5b1dea91764e3',
    'docs/plans/workbench-parent-owner-fix/reports/gates/19.log': '51532a9e7ebdaf365eb0f4a7d6bbd8328e52eb607105e2b336fbb74c3450ded9',
    'docs/plans/workbench-parent-owner-fix/reports/gates/20.log': '6ead1728855903672b5ad0d8b9ad83b2a4c4cf6ec4a65cee3cac1ef287d1e5a7',
    'docs/plans/workbench-parent-owner-fix/reports/gates/21.log': '05868be49e9721d25e78625696969f1d8c5cdca61800a801ec01b13286fccb05',
    'docs/plans/workbench-parent-owner-fix/reports/gates/22.log': '6e42d1ef09c6afddfd8c2440c9a77ba69148da1f1bccb855f43b329c1312d6bd',
    'docs/plans/workbench-parent-owner-fix/reports/gates/23.log': '6e824501d277f87d7c061956a0219a3b3069a047964a2a34ad33dae9d5031f05',
    'docs/plans/workbench-parent-owner-fix/reports/gates/24.log': 'b36bc2a10bf0cae07546bedacd71abf9c13923bf78dbe254692889237f85c26d',
    'docs/plans/workbench-parent-owner-fix/reports/gates/25.log': '599aef6baef3bc6c52f12040dacf45de55b82f6d5f7c8ebc5169b8e999b09ba9',
    'docs/plans/workbench-parent-owner-fix/reports/gates/26.log': '8ef243364f2f808cc924494697d0948b9e0a096867910780911954dbd8f7a30d',
    'docs/plans/workbench-parent-owner-fix/reports/gates/27.log': 'b051f9359a4b2a060eca58f9957ecf7ecc47cf98a96cafa955b1ca00aa1fbeb9',
    'docs/plans/workbench-parent-owner-fix/reports/gates/28.log': '291436bb604feb899cba63b7f1db2570d8daee40e10e6a1d4ffce078b0ba9ff3',
    'docs/plans/workbench-parent-owner-fix/reports/gates/29.log': '8d4d15a55284549fc3c39123f9209fa78a5b26c4dd756810e1de73b1e77201cf',
    'docs/plans/workbench-parent-owner-fix/reports/gates/30.log': '7a36036970aadaa037ccf2e2b1ca56a209e95063e23b36e0213a12c6df3f8a3f',
    'docs/plans/workbench-parent-owner-fix/reports/gates/31.log': '892f85ef1b6f625d3e3772afb542cdb4648872f4a016cbe89a1e596999ecb930',
    'docs/plans/workbench-parent-owner-fix/reports/gates/32.log': 'c4364d87bc68b087499fab4cfdd176236680147d74c98f3f53daccf72c81e6e3',
    'docs/plans/workbench-parent-owner-fix/reports/gates/33.log': 'eb03f61e748106c281dc8e80117fc5c05f11e9b19ab4e95a59b05486132cd3b3',
    'docs/plans/workbench-parent-owner-fix/reports/gates/34.log': '615b5552d1b73240413cbefea02234b116681926a604642da16f6403f73682a6',
    'docs/plans/workbench-parent-owner-fix/reports/gates/35.log': 'cccf73dddb0bea3094a9c20bc491689ccdb11eefaa3f5e9ec4047974f27fc0fc',
    'docs/plans/workbench-parent-owner-fix/reports/gates/36.log': '727d0194b67d0f3bc1d7a6bb34490c363d3a603a28e2aa1ab3cbb6fa613addf3',
    'docs/plans/workbench-parent-owner-fix/reports/gates/37.log': 'e6e895d874788279ce13cdb8284e67fe21d9d1602c8c1802470a249ceb58dd9f',
    'docs/plans/workbench-parent-owner-fix/reports/gates/38.log': 'cbcc9049c0a9851cf9678ed496c79f70787a81f671cd031af5f9239a53438137',
    'docs/plans/workbench-parent-owner-fix/reports/gates/39.log': 'bbf7c179e2685009f17315b112a346eb900c8616810de80976aefdfb4fa39bb3',
    'docs/plans/workbench-parent-owner-fix/reports/gates/results.json': '5430e07515f78df5a7e989dcf17f9fe209a68312e495ef45172a48a57447b74f',
    'docs/plans/workbench-parent-owner-fix/reports/gates/source.json': '92655a30cbd9327f76e39fbe66dec887d1d777e20c3732c3d22be5726f0129c6',
    'docs/plans/workbench-parent-owner-fix/reports/prior-traces/browser-focused-corrected.log': '8460aeec55f504f8d8db4a3de12bbe118c88ebc145ff641d1eaa2fce50f9bbb5',
    'docs/plans/workbench-parent-owner-fix/reports/prior-traces/browser-focused.log': '611641ea646faa69106e9c8ae003043a8efe82fd03f8eb73f4099b766870bf51',
    'docs/plans/workbench-parent-owner-fix/reports/prior-traces/controller-after-fix.log': '05868be49e9721d25e78625696969f1d8c5cdca61800a801ec01b13286fccb05',
    'docs/plans/workbench-parent-owner-fix/reports/prior-traces/controller-before-fix.log': '995ba9d356f1e56b1c8273f46ed5734982b5b36259c1a7ad87783c5605120dfc',
    'docs/plans/workbench-parent-owner-fix/reports/prior-traces/controller-immutable-predecessor.log': '995ba9d356f1e56b1c8273f46ed5734982b5b36259c1a7ad87783c5605120dfc',
    'docs/plans/workbench-parent-owner-fix/reports/source-and-preservation.json': '1e905c94cef0becfc6a43e8ca912c409505255eb7d7cd9428c77da1ecba6bf8d',
    'docs/plans/workbench-parent-owner-fix/reports/verification.md': '5313741656d29b181f3eadfc51e305a2d427cec363e1e3be290fc97ee27f05fa',
    'docs/plans/workbench-projection-warnings-fix/reports/artifact-manifest.json': 'd76a1c313739565f877416e4c7b83ff43ab17d851a13ba12854554c9ff7eb308',
    'docs/plans/workbench-projection-warnings-fix/reports/combined-01-curation-draft-desktop.png': '51a132f4dc6d3087bafda3cf26f60df11738c5bbda94196f2627223282a9cd7e',
    'docs/plans/workbench-projection-warnings-fix/reports/combined-01-curation-draft-narrow.png': '1ac12fa6b7d193478d890c8ab69a3a2e3d38d500774a367f0762ade57efc41fe',
    'docs/plans/workbench-projection-warnings-fix/reports/combined-02-native-draft-desktop.png': 'a70a00a3689bae7668455d70fadd389c68b97ff8e7cacef6d3654c90cb4ba431',
    'docs/plans/workbench-projection-warnings-fix/reports/combined-02-native-draft-narrow.png': '5d9987b8201df9c68999d6e3a22a21b06fb2d62e368f1c877e41cf361b2f094a',
    'docs/plans/workbench-projection-warnings-fix/reports/combined-03-frozen-selection-desktop.png': 'a71d63cf5483f00cf22143f963cdb3cc594c6489dd6ec5fa8d4a8352b46eba54',
    'docs/plans/workbench-projection-warnings-fix/reports/combined-03-frozen-selection-narrow.png': '93fd486f71211bf563d1d2785ecc5815ed15629f389545650a99eacd42a267e6',
    'docs/plans/workbench-projection-warnings-fix/reports/combined-canonical-downloaded.zip': '4393ce4c24658b7a322f8956dbda1a137c03520212c3d9d0d2fc90ad2b5fe7a1',
    'docs/plans/workbench-projection-warnings-fix/reports/combined-instruction-downloaded.zip': 'd9cb20d20c357883c92336c53c1a1cca14355a76bb0eb1ba59461c64f4a8b761',
    'docs/plans/workbench-projection-warnings-fix/reports/combined-session.json': 'a72ac26e096e929061e9bf3598116d39bae4ba16648c7c1ca2986594c1018069',
    'docs/plans/workbench-projection-warnings-fix/reports/focused-browser/combined-01-curation-draft-desktop.png': '51a132f4dc6d3087bafda3cf26f60df11738c5bbda94196f2627223282a9cd7e',
    'docs/plans/workbench-projection-warnings-fix/reports/focused-browser/combined-01-curation-draft-narrow.png': '1ac12fa6b7d193478d890c8ab69a3a2e3d38d500774a367f0762ade57efc41fe',
    'docs/plans/workbench-projection-warnings-fix/reports/focused-browser/combined-02-native-draft-desktop.png': 'a70a00a3689bae7668455d70fadd389c68b97ff8e7cacef6d3654c90cb4ba431',
    'docs/plans/workbench-projection-warnings-fix/reports/focused-browser/combined-02-native-draft-narrow.png': '5d9987b8201df9c68999d6e3a22a21b06fb2d62e368f1c877e41cf361b2f094a',
    'docs/plans/workbench-projection-warnings-fix/reports/focused-browser/combined-03-frozen-selection-desktop.png': 'a71d63cf5483f00cf22143f963cdb3cc594c6489dd6ec5fa8d4a8352b46eba54',
    'docs/plans/workbench-projection-warnings-fix/reports/focused-browser/combined-03-frozen-selection-narrow.png': '93fd486f71211bf563d1d2785ecc5815ed15629f389545650a99eacd42a267e6',
    'docs/plans/workbench-projection-warnings-fix/reports/focused-browser/combined-canonical-downloaded.zip': '0f1640e0268ef92c9459318218cccdd955c3b7fe21fba1e6aa059f5de943add5',
    'docs/plans/workbench-projection-warnings-fix/reports/focused-browser/combined-instruction-downloaded.zip': '6497c887a98d2f6bb51b83ac46e96d7041bce197b81ccc59acfc7440c475a667',
    'docs/plans/workbench-projection-warnings-fix/reports/focused-browser/combined-session.json': '2bc8a4aaf18273fdafb1db65578b332f495775a8c5e121550805cd59def5c06d',
    'docs/plans/workbench-projection-warnings-fix/reports/full-suite-artifacts.json': '15de97d5fc38cabf44fd8cd207781232a2aec313f9b634afaedb77378fd0d925',
    'docs/plans/workbench-projection-warnings-fix/reports/full-suite/docs/plans/annotated-caption-import/reports/caption-import-desktop.png': '11bbc00cdfbb6facefb9e6deca6f2317164f89dc027cfd8f0d53148f0cb6ffcc',
    'docs/plans/workbench-projection-warnings-fix/reports/full-suite/docs/plans/annotated-caption-import/reports/caption-import-narrow.png': '900fb34d39bc2d264876d10ffa207b5574238cf822225cdf0fd34d9fa5024eeb',
    'docs/plans/workbench-projection-warnings-fix/reports/full-suite/docs/plans/bulk-real-import/reports/bulk-desktop.png': '5389c3a8788bd7877181f42525e20b8e792890c1e6131ecc1c7fd341611c90e0',
    'docs/plans/workbench-projection-warnings-fix/reports/full-suite/docs/plans/bulk-real-import/reports/bulk-narrow.png': 'd90f2cbc04b0d2bdc3f526cb304dd3ebaeb7304c6375e1d856fb2aa3c56394bd',
    'docs/plans/workbench-projection-warnings-fix/reports/full-suite/docs/plans/curation-diagnostics/reports/curation-desktop.png': '6596155a5f2070ed820fd3d96bc0a70e6a5587852f2e472c4f9ff1a3ddbaaad3',
    'docs/plans/workbench-projection-warnings-fix/reports/full-suite/docs/plans/curation-diagnostics/reports/curation-members-desktop.png': '20ce5d29808275cd3885e21bac787563942100fee74a62e7ee3effa2feea9957',
    'docs/plans/workbench-projection-warnings-fix/reports/full-suite/docs/plans/curation-diagnostics/reports/curation-members-narrow.png': '473977a6c6ea034fe7cc05073444a27d9ae06bcd73be7c583d07fed632ae1bf3',
    'docs/plans/workbench-projection-warnings-fix/reports/full-suite/docs/plans/curation-diagnostics/reports/curation-narrow.png': '6355d6a0a0f2e80379209e8a74be8a9fb4810b1923fad1e80dbfc1ac88e6f5bb',
    'docs/plans/workbench-projection-warnings-fix/reports/full-suite/docs/plans/dataset-caption-integration/reports/caption-combined-01-folder-import-desktop.png': 'edbce1926358e384dcd5a9a0a796f0d50b8f7526a0a42db62c2fd7001cf7238b',
    'docs/plans/workbench-projection-warnings-fix/reports/full-suite/docs/plans/dataset-caption-integration/reports/caption-combined-01-folder-import-narrow.png': '879f74a09629fc3ef2d4a1474b6c3cdc68c676f7711f07a9d7c79b7155f9b347',
    'docs/plans/workbench-projection-warnings-fix/reports/full-suite/docs/plans/dataset-caption-integration/reports/caption-combined-02-draft-blocked-desktop.png': '9231ae3294c080e9c0b9ae00c23daa73d29268d0870384123f5d0b3a94a199c6',
    'docs/plans/workbench-projection-warnings-fix/reports/full-suite/docs/plans/dataset-caption-integration/reports/caption-combined-02-draft-blocked-narrow.png': '758691263a0bc6ceaadab4f02004e22e79352082c15f75904faf6dadabca0081',
    'docs/plans/workbench-projection-warnings-fix/reports/full-suite/docs/plans/dataset-caption-integration/reports/caption-combined-03-caption-reviewed-desktop.png': 'c55d2d743ac5f12d0e253ffb946af80571f1958e5d49e04d34acae4694c4cfda',
    'docs/plans/workbench-projection-warnings-fix/reports/full-suite/docs/plans/dataset-caption-integration/reports/caption-combined-03-caption-reviewed-narrow.png': 'a56442c348a722178c3187ec333dc70e48ed5643ef7f839d9481cb2ccf5da6eb',
    'docs/plans/workbench-projection-warnings-fix/reports/full-suite/docs/plans/dataset-caption-integration/reports/caption-combined-04-exact-filter-desktop.png': '1f84185112d09d338806888634790b88473fb3d95a9201491a87b68e4b6666e5',
    'docs/plans/workbench-projection-warnings-fix/reports/full-suite/docs/plans/dataset-caption-integration/reports/caption-combined-04-exact-filter-narrow.png': 'e47ed076a4a4e5ca76a779e90d703d8b55bb9f1a9b1b4b66f7dd37648d4fb63d',
    'docs/plans/workbench-projection-warnings-fix/reports/full-suite/docs/plans/dataset-caption-integration/reports/caption-combined-05-fixed-set-desktop.png': '9ad3949f1599537da9483c637acb85603217049dfad9cdbdb6dbb821e9a34499',
    'docs/plans/workbench-projection-warnings-fix/reports/full-suite/docs/plans/dataset-caption-integration/reports/caption-combined-05-fixed-set-narrow.png': 'ffb1b6d48b9cc2c21a9bef655ca2dee250e97869ede7453eab9d7a82e7cb98b0',
    'docs/plans/workbench-projection-warnings-fix/reports/full-suite/docs/plans/dataset-caption-integration/reports/caption-combined-06-release-preview-desktop.png': 'dd5d8b49a8b4675738b517cd6a8f92e23686fc6bcea7d1e07821992fbff7fea1',
    'docs/plans/workbench-projection-warnings-fix/reports/full-suite/docs/plans/dataset-caption-integration/reports/caption-combined-06-release-preview-narrow.png': 'b1d74432d63e73c8440901eb2278fc01ddb0db9cde741a1a54040f4ce1c472ca',
    'docs/plans/workbench-projection-warnings-fix/reports/full-suite/docs/plans/dataset-caption-integration/reports/caption-combined-07-download-desktop.png': 'f14e4c78ddeae9d40591a1c388ede9210ec71bacf820ed2849c4762bf753a3c3',
    'docs/plans/workbench-projection-warnings-fix/reports/full-suite/docs/plans/dataset-caption-integration/reports/caption-combined-07-download-narrow.png': '1adcb9c290ecf0259b19f2d9d1e15a6421d5fa74bc5d8b350f1a945473a88dc7',
    'docs/plans/workbench-projection-warnings-fix/reports/full-suite/docs/plans/dataset-caption-integration/reports/caption-combined-session.json': '231f2a9eb745abcef3157a1af388397f382d5a48135f1a22f4c46209e95295f1',
    'docs/plans/workbench-projection-warnings-fix/reports/full-suite/docs/plans/dataset-integration/reports/integration-desktop.png': 'c1b04bdef0d71d421668d81e593046f373c601e06e1ad67c56cc2840f5e6ce52',
    'docs/plans/workbench-projection-warnings-fix/reports/full-suite/docs/plans/dataset-integration/reports/integration-narrow.png': 'd792e0ea9c9d0c7865cdc952d5e3b72f1363ba2e09bd3082b894fc7fe195b553',
    'docs/plans/workbench-projection-warnings-fix/reports/full-suite/docs/plans/dataset-workflows/reports/workbench-desktop.png': '3f6a8409b1312be37c2e70134638d2231c0be0c0f147d58efffbbf22f075c4a8',
    'docs/plans/workbench-projection-warnings-fix/reports/full-suite/docs/plans/dataset-workflows/reports/workbench-grounded.png': 'ad6af8c0104c9830572a3b817753c54057f23f4ec284a62ec44e20869c0cb623',
    'docs/plans/workbench-projection-warnings-fix/reports/full-suite/docs/plans/dataset-workflows/reports/workbench-narrow.png': '20ba012e9602a2dbce74a3ce5e071e665f0907013b89dd7f2e93404d1d6c6635',
    'docs/plans/workbench-projection-warnings-fix/reports/full-suite/docs/plans/explicit-metadata-filters/reports/filters-desktop.png': '06137421af2afc728e407b7b30b6c8b6f82582ffd0d91de6a05df887b3ccd508',
    'docs/plans/workbench-projection-warnings-fix/reports/full-suite/docs/plans/explicit-metadata-filters/reports/filters-narrow.png': '10ddda1e2c057e869d5d4382ffd2c628632a50da5e4e9d7ff7fd5f9e4f8584e4',
    'docs/plans/workbench-projection-warnings-fix/reports/full-suite/docs/plans/image-caption-exports/reports/captions-desktop.png': '2871576635a5535ec1e13739838caf669097837e2cc382afd603738c4be4c7cb',
    'docs/plans/workbench-projection-warnings-fix/reports/full-suite/docs/plans/image-caption-exports/reports/captions-narrow.png': '2138cbaad8cc0be17f4acb23e93dde47f5f314d65b6395313fe97c9828060469',
    'docs/plans/workbench-projection-warnings-fix/reports/full-suite/docs/plans/instruction-responses/reports/instruction-01-independent-answers-desktop.png': 'c16e0cce3917d7a33e21faee1f4c05f0c840c8acfc415c3b7cdba1618cf9b3da',
    'docs/plans/workbench-projection-warnings-fix/reports/full-suite/docs/plans/instruction-responses/reports/instruction-01-independent-answers-narrow.png': '7dc64ac58a461a8d6b0db3a38fbc54c0e649cd3c5ebae8ddcc54f090536ff262',
    'docs/plans/workbench-projection-warnings-fix/reports/full-suite/docs/plans/instruction-responses/reports/instruction-02-stale-fixed-selection-desktop.png': '756ad6e6f3e9f609e19bd2298c294be30f80554231979996206e10ba89e06769',
    'docs/plans/workbench-projection-warnings-fix/reports/full-suite/docs/plans/instruction-responses/reports/instruction-02-stale-fixed-selection-narrow.png': '9a2b7b41e80a478344cbb8fff7bfa6891c409d5f5831acb106ab1f6cf0c732eb',
    'docs/plans/workbench-projection-warnings-fix/reports/full-suite/docs/plans/instruction-responses/reports/instruction-03-weighted-preview-desktop.png': '0c25d7e79357d2e93fb734184e3c914a65ba9a6b234ed83884524105dc09c736',
    'docs/plans/workbench-projection-warnings-fix/reports/full-suite/docs/plans/instruction-responses/reports/instruction-03-weighted-preview-narrow.png': '4c5b7e1f59c70bee4a041a4532f13f877bf172ad50ce1f5e4d730ae4e6fcd4d7',
    'docs/plans/workbench-projection-warnings-fix/reports/full-suite/docs/plans/instruction-responses/reports/instruction-04-download-desktop.png': '8f24f783870a50879fd968b82caa74b3a598d7da5fc61b3981f09f173aeac36c',
    'docs/plans/workbench-projection-warnings-fix/reports/full-suite/docs/plans/instruction-responses/reports/instruction-04-download-narrow.png': '4195469dcbb457dc84b3e20f97b96963bcb740538c3871adb050311f4abb56f5',
    'docs/plans/workbench-projection-warnings-fix/reports/full-suite/docs/plans/instruction-responses/reports/instruction-downloaded.zip': 'e55cabbe57127e6e32f63aa8f7e62fbef107306760d95cba36b3f0308478fd11',
    'docs/plans/workbench-projection-warnings-fix/reports/full-suite/docs/plans/instruction-responses/reports/instruction-session.json': '7ba4fd530125de68e79a54e6ce5903b251af75c32adeb8c696b4cbb3985288cb',
    'docs/plans/workbench-projection-warnings-fix/reports/full-suite/docs/plans/native-text-classification-import/reports/native-text-desktop.png': '2a8ca9344960767e4a8d368dad6b3af369930f2a271c1312a1de83ead6177f3f',
    'docs/plans/workbench-projection-warnings-fix/reports/full-suite/docs/plans/native-text-classification-import/reports/native-text-narrow.png': '7768d2cdc2a8513d21b9313dc7802217e3beb10faa0dc13d0538214314147831',
    'docs/plans/workbench-projection-warnings-fix/reports/full-suite/docs/plans/rights-note-correction/reports/rights-desktop.png': '820b6f0fa1352615a82e1a3e141a225f02adad37ac26b419f48bd5da5d04ae20',
    'docs/plans/workbench-projection-warnings-fix/reports/full-suite/docs/plans/rights-note-correction/reports/rights-narrow.png': '637fb091467c3a6083219918683640c18a1340d53f1e27feecc6e34ca1683382',
    'docs/plans/workbench-projection-warnings-fix/reports/full-suite/docs/plans/saved-dataset-selections/reports/saved-desktop.png': '0ea5a6bfe62ab8cbabd39141e8bb201cd4f11c99d75304a12ca4fcf2b4217ed2',
    'docs/plans/workbench-projection-warnings-fix/reports/full-suite/docs/plans/saved-dataset-selections/reports/saved-narrow.png': '9f21bb300e9503bede7fcc0e4647112ff62a10c237ee6b7b76add9f7415f94ea',
    'docs/plans/workbench-projection-warnings-fix/reports/full-suite/docs/plans/saved-selection-intent/reports/intent-blocked.png': '00fa687099c875bb271ce9165a9afb4481c2961971503903c61f75acb152d30a',
    'docs/plans/workbench-projection-warnings-fix/reports/full-suite/docs/plans/selected-release-preview/reports/preview-desktop.png': 'aed2e6e7dfc207ef1f9885524941d94d1797b84fd052ad14d7434f6f43321402',
    'docs/plans/workbench-projection-warnings-fix/reports/full-suite/docs/plans/selected-release-preview/reports/preview-narrow.png': 'b73bb3024655d276c64e2c92968998b4b8dde7f1fc99cbd92a9b634b4f6a04d8',
    'docs/plans/workbench-projection-warnings-fix/reports/gates/01.log': '3ba41862ed5091387a4046a7d73daa3e9d8d21287d3b075c044c2f49e9402bbc',
    'docs/plans/workbench-projection-warnings-fix/reports/gates/02.log': 'e3b0c44298fc1c149afbf4c8996fb92427ae41e4649b934ca495991b7852b855',
    'docs/plans/workbench-projection-warnings-fix/reports/gates/03.log': 'e3b0c44298fc1c149afbf4c8996fb92427ae41e4649b934ca495991b7852b855',
    'docs/plans/workbench-projection-warnings-fix/reports/gates/04.log': 'e3b0c44298fc1c149afbf4c8996fb92427ae41e4649b934ca495991b7852b855',
    'docs/plans/workbench-projection-warnings-fix/reports/gates/05.log': 'e3b0c44298fc1c149afbf4c8996fb92427ae41e4649b934ca495991b7852b855',
    'docs/plans/workbench-projection-warnings-fix/reports/gates/06.log': 'e3b0c44298fc1c149afbf4c8996fb92427ae41e4649b934ca495991b7852b855',
    'docs/plans/workbench-projection-warnings-fix/reports/gates/07.log': 'e3b0c44298fc1c149afbf4c8996fb92427ae41e4649b934ca495991b7852b855',
    'docs/plans/workbench-projection-warnings-fix/reports/gates/08.log': 'e3b0c44298fc1c149afbf4c8996fb92427ae41e4649b934ca495991b7852b855',
    'docs/plans/workbench-projection-warnings-fix/reports/gates/09.log': 'e3b0c44298fc1c149afbf4c8996fb92427ae41e4649b934ca495991b7852b855',
    'docs/plans/workbench-projection-warnings-fix/reports/gates/10.log': 'e4005173e9a16864039a1959b1f544aae2e6b9942ddc442eb05488bbf1819f40',
    'docs/plans/workbench-projection-warnings-fix/reports/gates/11.log': '261c7df53bd1fee0a3f2ee3763a0495c63ff38894292ffb5edaefc9533d2d420',
    'docs/plans/workbench-projection-warnings-fix/reports/gates/12.log': '5857758e5789e3015458802d7e17c72a56d1ee5d3d09a2534ba3b9ce4fb07114',
    'docs/plans/workbench-projection-warnings-fix/reports/gates/13.log': 'fd916ba6abe3f865e1c320fe149cc2f91185a4d57551976f3b2292cc4fbea0e6',
    'docs/plans/workbench-projection-warnings-fix/reports/gates/14.log': '3dd0a5384055d747a2a8b0fcf331efd7684ce504e84a175debd29446cb38dac7',
    'docs/plans/workbench-projection-warnings-fix/reports/gates/15.log': '3e0563561164771d1543857525d2510a6c270ebb51103dcf2e4363e01aa0ccbf',
    'docs/plans/workbench-projection-warnings-fix/reports/gates/16.log': 'd3172e0c94b24ca478ec65772d7272ad58fc05f735a87ab5689c267b9b5ad0b6',
    'docs/plans/workbench-projection-warnings-fix/reports/gates/17.log': '61b9242683445804ee8187e17ae26b78ca0280c5fd3c1362c9fa9fb7f8914601',
    'docs/plans/workbench-projection-warnings-fix/reports/gates/18.log': '80f3568861ba8b2dae7e36ef4a886737f3291dbaa52415c74dc5b1dea91764e3',
    'docs/plans/workbench-projection-warnings-fix/reports/gates/19.log': 'cb3e978c185ef2830ac8bf1b2ea40a57da8d1307784848c1ba25a324f5a7c921',
    'docs/plans/workbench-projection-warnings-fix/reports/gates/20.log': '6ead1728855903672b5ad0d8b9ad83b2a4c4cf6ec4a65cee3cac1ef287d1e5a7',
    'docs/plans/workbench-projection-warnings-fix/reports/gates/21.log': '05868be49e9721d25e78625696969f1d8c5cdca61800a801ec01b13286fccb05',
    'docs/plans/workbench-projection-warnings-fix/reports/gates/22.log': 'ad23b5610b6de2cb1826b0dacc18cd795ee51e528d04c73c203ee87b5c2fc4f1',
    'docs/plans/workbench-projection-warnings-fix/reports/gates/23.log': '105cf044cdff6a094921f57f22ad413cadc27efb8e8510fda71416fe1ad7ec84',
    'docs/plans/workbench-projection-warnings-fix/reports/gates/24.log': '0b3ad8c76e597fef24f1b7ac1cbf2e087472fd3c35eef00f1363719d733519ca',
    'docs/plans/workbench-projection-warnings-fix/reports/gates/25.log': '254d56480cc6efc3a60a75aca0bb83ec92e75ab991b1b6201adc08b099a391cc',
    'docs/plans/workbench-projection-warnings-fix/reports/gates/26.log': '79125847fdbf3e469a9f9e846ee4c3795e79105b20883fcc5fb69d25a30c7326',
    'docs/plans/workbench-projection-warnings-fix/reports/gates/27.log': 'dc3b0a3646400084dc5d1fabe8cf7decb8448d3eb8db2840dcd40616ad07e649',
    'docs/plans/workbench-projection-warnings-fix/reports/gates/28.log': 'b8214052dd8bf045a58c05caf013fa5ecb70712e0501b3009c99f828aa1195e3',
    'docs/plans/workbench-projection-warnings-fix/reports/gates/29.log': 'c7c4b9974f092795522c8de912698d89e2705fbbad16f355f553697424d080b8',
    'docs/plans/workbench-projection-warnings-fix/reports/gates/30.log': '689d96ca19f745b5dae91d3a436d449c0b662bd98f1b2e5d3b33d1cc4747496e',
    'docs/plans/workbench-projection-warnings-fix/reports/gates/31.log': '7b06312585d37fce4247ce02c0fc1ef330c90e2c9786e67201e06961fa1a7d3e',
    'docs/plans/workbench-projection-warnings-fix/reports/gates/32.log': '239362036f3212037106ca64c0a5805aaccfa7f51b0fc204e4ff98be2adbb617',
    'docs/plans/workbench-projection-warnings-fix/reports/gates/33.log': '064c35aa5c0ea009f318f473c5596da07674851dd6ca50c9a0a18092f0aafb27',
    'docs/plans/workbench-projection-warnings-fix/reports/gates/34.log': '615b5552d1b73240413cbefea02234b116681926a604642da16f6403f73682a6',
    'docs/plans/workbench-projection-warnings-fix/reports/gates/35.log': 'cccf73dddb0bea3094a9c20bc491689ccdb11eefaa3f5e9ec4047974f27fc0fc',
    'docs/plans/workbench-projection-warnings-fix/reports/gates/36.log': '610be28a4a7178d171b9671fdaa45f3ac069a8d87d7831e10a8cfb9ce5d5159f',
    'docs/plans/workbench-projection-warnings-fix/reports/gates/37.log': '9349f46ab321420c5cbfa6be34fad5efb9273e84f224cc71a274daf1685c5721',
    'docs/plans/workbench-projection-warnings-fix/reports/gates/38.log': 'fa9ffa7ea9a70b06760ceb756c7be7727e2a0e5a4d0dfed419aae1c72b8d62c6',
    'docs/plans/workbench-projection-warnings-fix/reports/gates/39.log': 'd981e2d818d3b3fde71c0ab49f4ba346d2458f11a1292e058b753c28beef85ba',
    'docs/plans/workbench-projection-warnings-fix/reports/gates/results.json': '1d6e79c6a0cfe4bbac2d770a3d57790bee0f6f14b7d738944811f2c00d6657dd',
    'docs/plans/workbench-projection-warnings-fix/reports/gates/source.json': 'f8e68eb966f6adfcec6190c310d53022808caaac60682adaccf9a6622b9ff4b0',
    'docs/plans/workbench-projection-warnings-fix/reports/prior-traces/affected-tests-final.log': '2cea11ec0edcd611c46fb09736514927a4b6f1c0f9214cbca54793123e0e9c5f',
    'docs/plans/workbench-projection-warnings-fix/reports/prior-traces/affected-tests.log': '0c7523541e87b4765ca30c1dca6f84316feeb1cf6c8c25416b9a8049f4adf14a',
    'docs/plans/workbench-projection-warnings-fix/reports/prior-traces/before-fix.log': '25730e51559fd09a92d6b17b54a5db5ac29649217d330c7cfc20422f95425c1c',
    'docs/plans/workbench-projection-warnings-fix/reports/prior-traces/browser-focused.log': '6f803aa00000d41b5a01ac019e8b5a8af9ddd8bacb294c28e64233fbf1e89b69',
    'docs/plans/workbench-projection-warnings-fix/reports/source-and-preservation.json': 'a89e6ed9d1637f5d6ef9c8545d222c8cb830589b947c7fa49d34a61df8ad7484',
    'docs/plans/workbench-projection-warnings-fix/reports/verification.md': '610ca36ac14fa4a4d85f3f41979ae38784865047993baef279c1423da1c40c40'
  },
  operator: 'deepStrictEqual',
  diff: 'simple'
}

Node.js v24.19.0
